nome,categoria_origem,venue,bairro,dias_apresentacao,desconto_percentual,preco_bruto,url_origem,sinopse_oficial,horarios_sessao,duracao_minutos,idade_minima,idade_maxima,preco_inteira_centavos,url_ingresso
Trupe da Patrulha,Teatro Infantil,Teatro Vannucci - Shopping da Gávea,Gávea,Somente dia 04,50%,"R$49,90",https://clubinhodeofertas.com.br/rio-de-janeiro/trupe-da-patrulha-136,"Os cachorrinhos mais queridos da TV ganham vida no palco, vivem aventuras e dançam ao som de músicas bem alegres. Única apresentação 04 de Junho (feriado) às 11h no no Teatro Vannucci. Trupe da Patrulha é uma série de ação e aventura estrelada na nossa versão teatral por cinco filhotes heroicos ⏰HORÁRIOS: 📆Dia 04/06 - 11h Classificação: Livre Sobre o espetáculo: Trupe da Patrulha é uma série de ação e aventura estrelada na nossa versão teatral por cinco filhotes heroicos, o Chase, o Marshal, Skye, Ruble e a Everest que são liderados por um menino de dez anos de idade, chamado Ryder. Com uma mistura única de habilidades para resolver problemas com muito bom humor canino, eles trabalham em conjunto em missões arriscadas de resgate, para proteger a comunidade, na nossa versão teremos o episódio dos coelhinhos que querem comer todas as cenouras da fazendeira Yumie, você vai se divertir com essa história . No show, os cachorrinhos mais queridos da TV ganham vida no palco vivendo suas aventuras e dançando músicas bem alegres e divertidas.",📆Dia 04/06 - 11h,60,2,12,10000,https://clubinhodeofertas.com.br/rio-de-janeiro/trupe-da-patrulha-136
"Frozen, Uma Aventura de Gelo - Aniversário de Anna",Teatro Infantil,Teatro Vannucci - Shopping da Gávea,Gávea,"Dias 04, 06",50%,"R$49,90",https://clubinhodeofertas.com.br/rio-de-janeiro/frozen-uma-aventura-de-gelo-aniversario-de-anna-3623,"Um lugar onde o amor transforma e tudo se supera e uma linda celebração do aniversário de Anna. Apresentação no Teatro Vannucci. ⚠️ As vendas encerram 1 hora antes do início de cada sessão do espetáculo. No reino distante de Arendelle, viviam as princesas Elsa e Anna. Elsa, a mais velha, tinha o poder de criar gelo e neve com as mãos. ⏰HORÁRIOS: 📆Sábados - 14h50 | Feriado 04/06 - 15h Classificação: Livre Sobre o espetáculo: No reino distante de Arendelle, viviam as princesas Elsa e Anna. Elsa, a mais velha, tinha o poder de criar gelo e neve com as mãos. Certo dia enquanto brincavam, Elsa fazia seus truques e um raio de gelo atingiu acidentalmente a cabeça de Anna. Seus pais ficaram muito preocupados e recorrem aos Trolls para reverter aquela grave situação. Apesar de a magia ter sido desfeita, foi decidido que Elsa deveria esconder seus poderes de todo mundo para que não houvesse mais incidentes. Elsa desde então permaneceu isolada em seu quarto, enquanto seus poderes aumentavam cada vez mais, sem que ela conseguisse controlá-los. As meninas nunca mais brincaram juntas, mesmo depois de perderem os pais. Mas o amor transforma, e juntas superam tudo, e todos os obstáculos, e no fim",📆Sábados - 14h50 | Feriado 04/06 - 15h,60,2,12,10000,https://clubinhodeofertas.com.br/rio-de-janeiro/frozen-uma-aventura-de-gelo-aniversario-de-anna-3623
Um Musical Congelante,Teatro Infantil,Teatro Clara Nunes - Shopping da Gávea,Gávea,Somente dia 04,50%,R$54,https://clubinhodeofertas.com.br/rio-de-janeiro/um-musical-congelante-3977,"Duas irmãs têm seu grande laço afetivo interrompido após um acidente envolvendo poderes mágicos. Única apresentação 04 de Junho (feriado) às 16h no Teatro Clara Nunes. ⚠️ As vendas encerram 1 hora antes do início de cada sessão do espetáculo. Uma superprodução encantadora para toda a família! ⏰ HORÁRIOS: 📆Dia 04/06 - 16h Classificação: Livre Sobre o espetáculo: Em um reino de um continente gelado, duas irmãs têm seu grande laço afetivo interrompido após um acidente envolvendo os poderes mágicos da irmã mais velha. Para proteger a família e esconder o segredo do reino, elas crescem separadas. Anos depois, durante a coroação da nova rainha, uma tentativa de reaproximação coloca tudo em risco e dá início a uma emocionante aventura cheia de magia, belas canções e personagens cômicos e irreverentes.",📆Dia 04/06 - 16h,60,2,12,11000,https://clubinhodeofertas.com.br/rio-de-janeiro/um-musical-congelante-3977
"Espelho, Espelho Meu",Teatro Infantil,Teatro Vannucci - Shopping da Gávea,Gávea,Somente dia 04,50%,"R$49,90",https://clubinhodeofertas.com.br/rio-de-janeiro/espelho-espelho-meu-3,"Espelho, espelho meu, existe no mundo alguém mais bela que eu? Única apresentação 04 de Junho (feriado) às 16h no Teatro Vannucci. ⚠️ As vendas encerram 1 hora antes do início de cada sessão do espetáculo. Nesta versão repaginada, a incansável Rainha Má tem um novo plano para acabar com Branca de Neve. ⏰HORÁRIOS: 📆04/06 - 16h Classificação: Livre Sobre o espetáculo: Espelho, espelho meu, existe no mundo alguém mais bela que eu?"" A famosa pergunta de um dos clássicos infantis mais conhecidos de todos os tempos segue conquistando pequenos espectadores das novas gerações no espetáculo ""Espelho, Espelho Meu"", que tem autoria e direção de Anacleto Carindé. Nesta versão repaginada, a incansável Rainha Má tem um novo plano para acabar com Branca de Neve, sem precisar ficar velha. Desta vez, o veneno não estará em maçãs, mas no líquido do amor verdadeiro. Trata-se de uma comédia musical onde todas as personagens foram construídas de uma forma lúdica usando figurinos e caracterização semelhantes aos dos clássicos infantis como referência para os pequenos espectadores. Com um elenco de onze atores e quatro bailarinas coreografados por Vitor Maia e Ariane Rocha esta história tem músicas de P",04/06 às 16:00,60,2,12,10000,https://clubinhodeofertas.com.br/rio-de-janeiro/espelho-espelho-meu-3
Guerreiras do K-Pop O Show,Teatro Infantil,Teatro dos Quatro - Shopping da Gávea,Gávea,Somente dia 04,30%,"R$59,90",https://clubinhodeofertas.com.br/rio-de-janeiro/guerreiras-do-k-pop-o-show-3965,"Três estrelas que conquistaram palcos internacionais, escolhem o Brasil para um encontro especial com seus fãs. Única apresentação 04 de Junho (feriado) às 16h no Teatro dos Quatro. ⚠️ As vendas encerram 1 hora antes do início de cada sessão do espetáculo. O show celebra a força feminina, a amizade, os sonhos e a conexão única entre artistas e público, em uma experiência intensa e inesquecível.⏰HORÁRIOS: 📆Dia 04/06 - 16h Classificação: Livre Sobre o espetáculo: Inspirado no universo vibrante de Guerreiras do K-pop, o show música, dança, emoção e grandes performances para contar a trajetória de Rumi, Zoey e Mira, três estrelas que conquistaram palcos internacionais e escolhem o Brasil para um encontro especial com seus fãs durante uma pausa da turnê mundial. Entre coreografias marcantes, desafios, superação, romance e a misteriosa chegada de Jinu, um personagem que promete mudar tudo, o show celebra a força feminina, a amizade, os sonhos e a conexão única entre artistas e público, em uma experiência intensa e inesquecível.",📆Dia 04/06 - 16h,60,2,12,6000,https://clubinhodeofertas.com.br/rio-de-janeiro/guerreiras-do-k-pop-o-show-3965
"Moana 2, Uma Nova Aventura",Teatro Infantil,Teatro Henriqueta Brieba - Tijuca Tênis Club,Tijuca,Somente dia 04,55%,"R$39,90",https://clubinhodeofertas.com.br/rio-de-janeiro/moana-2-uma-nova-aventura-3032,"Acompanhe Moana em sua mais nova aventura! Única apresentação 04 de Junho (feriado) às 16h no Teatro Henriqueta Brieba. ⚠️ As vendas encerram 1 hora antes do início de cada sessão do espetáculo. Moana é uma menina criada por pescadores e para provar que aprendeu a conhecer o mar com as palmas das mãos, ela parte em uma viagem para desbravar os mares em busca de novos conhecimentos. ⏰HORÁRIOS: 📆Sábados e domingos - 17h30 Classificação: Livre Sobre o espetáculo: Moana é uma menina criada por pescadores e para provar que aprendeu a conhecer o mar com as palmas das mãos, ela parte em uma viagem para desbravar os mares em busca de novos conhecimentos. Mas o que ela não sabia é que encontraria pelo caminho águas perigosas e criaturas bem diferentes e assustadoras ,muito diferente de tudo o que ela já conheceu. Com ajuda de seus amigos , Moana passará por apuros jamais imaginados.",📆Sábados e domingos - 17h30,60,2,12,9000,https://clubinhodeofertas.com.br/rio-de-janeiro/moana-2-uma-nova-aventura-3032
"Aladim, O Menino Que Não Gostava de Ler",Teatro Infantil,Teatro Fashion Mall,São Conrado,"Dias 04, 06, 07",50%,"R$44,90",https://clubinhodeofertas.com.br/rio-de-janeiro/aladim-o-menino-que-nao-gostava-de-ler-3517,"Aladim precisa ajudar a recuperar a lâmpada mágica que foi roubada do sultão. Apresentações sábado e domingo às 15h no Teatro Fashion Mall. No Reino de Bagdá, um feiticeiro rouba a lâmpada mágica do Sultão e ameaça, com seus poderes, extinguir as histórias de todos os livros infantis. ⏰HORÁRIOS: 📆Sábado e domingo - 15h | 04/06 - 15h Classificação: Livre Sobre o espetáculo: No Reino de Bagdá, um feiticeiro rouba a lâmpada mágica do Sultão e ameaça, com seus poderes, extinguir as histórias de todos os livros infantis. Aladim, um menino que não gostava de ler, acidentalmente entra na história através do sonho. Agora cabe a Aladim ajudar recuperar a lâmpada mágica e salvar as histórias, para que no futuro, as crianças também possam conhecê-las. O espetáculo trata sobre o tema “importância da leitura”, com uma linguagem lúdica, infantil e acessível. Com muita interatividade e diversão, levamos as crianças a participarem das aventuras de Aladim entrando na história, deixando de ser somente espectadores.",04/06 às 15:00 | 06/06 às 15:00 | 07/06 às 15:00,60,2,12,9000,https://clubinhodeofertas.com.br/rio-de-janeiro/aladim-o-menino-que-nao-gostava-de-ler-3517
Hakuna Matata - As Aventuras de Timão e Pumba,Teatro Infantil,Teatro Vannucci - Shopping da Gávea,Gávea,Somente dia 04,50%,"R$49,90",https://clubinhodeofertas.com.br/rio-de-janeiro/hakuna-matata-as-aventuras-de-timao-e-pumba-3998,"Uma jornada inesquecível ao lado da dupla mais carismática da savana africana. Única apresentação 04 de Junho (feriado) às 17h no Teatro Vannucci. Inspirado no universo do filme O Rei Leão 3. ⏰HORÁRIOS: 📆Dia 04/06 - 17h Classificação: Livre Sobre o espetáculo: Prepare-se para muita diversão, risadas e emoção com o espetáculo infantil “Hatuna Matata – As Aventuras de Timão e Pumba”, inspirado no universo do filme O Rei Leão 3. A peça convida crianças e adultos a embarcarem em uma jornada inesquecível ao lado da dupla mais carismática da savana africana. “Hatuna Matata – As Aventuras de Timão e Pumba” é mais do que um espetáculo teatral: é uma experiência divertida e emocionante para toda a família, celebrando a alegria, a amizade e o poder de enxergar a vida com leveza com a filosofia do “Hatuna Matata” - viver sem preocupações. A história é contada de forma leve, dinâmica e cheia de mensagens positivas sobre amizade, coragem, empatia e a importância de ser quem você é. Contando com músicas e interação com o público, o espetáculo promete encantar crianças de todas as idades, além de despertar a nostalgia e o carinho dos adultos pelo clássico que atravessa gerações. Uma aventura imp",📆Dia 04/06 - 17h,60,2,12,10000,https://clubinhodeofertas.com.br/rio-de-janeiro/hakuna-matata-as-aventuras-de-timao-e-pumba-3998
A Casa da Gabi,Teatro Infantil,Teatro Brigitte Blair,Copacabana,Somente dia 04,55%,"R$49,90",https://clubinhodeofertas.com.br/rio-de-janeiro/a-casa-da-gabi-3937,"Gabi descobre um mundo secreto onde seus gatinhos ganham vida e, juntos, vivem histórias divertidas e cheias de emoção. Única apresentação 04 de Junho (feriado) às 17h no Teatro Brigitte Blair. ⚠️ As vendas encerram 1 hora antes do início de cada sessão do espetáculo. Prepare-se para uma aventura encantadora em um universo cheio de magia e fofura! ⏰HORÁRIOS: 📆Dia 04/06 - 17h Classificação: Livre Sobre o espetáculo: Prepare-se para uma aventura encantadora em um universo cheio de magia e fofura! Gabi descobre um mundo secreto onde seus gatinhos ganham vida e, juntos, vivem histórias divertidas e cheias de emoção. Com músicas, cores e muita interação, o espetáculo celebra a amizade, a imaginação e o poder de sonhar. 💖🐱 Uma montagem para a família se divertir.",📆Dia 04/06 - 17h,60,2,12,10000,https://clubinhodeofertas.com.br/rio-de-janeiro/a-casa-da-gabi-3937
Tour do Maracanã,Parques,Estádio do Maracanã,Maracanã,"Dias 03, 04, 05, 07 ... 16",15%,R$30,https://clubinhodeofertas.com.br/rio-de-janeiro/tour-do-maracana-1700,"Conheça o maior palco do futebol mundial, venha fazer o tour no Maracanã! Visitação diariamente a partir das 09h no Estádio do Maracanã. Conhecer os bastidores do Maracanã e de quebra chegar próximo ao gramado sagrado do palco das finais de duas Copas do Mundo e de uma edição de Jogos Olímpicos é novamente possível. O que parece um sonho para muitos torcedores é realidade ao fazer o Tour Maracanã. ⏰ HORÁRIOS: 📆Diariamente - 09h às 16h30 Classificação: Livre Sobre o Tour do Maracanã: ​O passeio, promovido pela empresa Inova Comunicação e Eventos, tem duração de 45 minutos, em média. O Tour é uma das atrações mais procuradas pelos turistas que passam pelo Rio e pelos moradores da cidade. Quem for ao estádio poderá conhecer um dos vestiários, zona mista, sala de aquecimento dos jogadores e de coletiva de imprensa. E tem a entrada no gramado! Além disso, os visitantes também poderão ver itens relacionados a jogadores que marcaram seus nomes na história do estádio, como Pelé, Garrincha e Zico. Estão em exposição uma camisa 7 do Brasil usada por Mané na Copa de 62 e a bola e rede do jogo do milésimo gol do Rei do futebol (Vasco x Santos, em 1969). ROTEIRO DO TOUR: - Exposição acervo his",03/06 às 16:00 | 04/06 às 09:00 | 04/06 às 09:30 | 04/06 às 10:00 | 04/06 às 10:30 | 04/06 às 11:00 | 04/06 às 11:30 | 04/06 às 12:00 | 04/06 às 12:30 | 04/06 às 13:00 | 04/06 às 13:30 | 04/06 às 14:0,45,2,12,3000,https://clubinhodeofertas.com.br/rio-de-janeiro/tour-do-maracana-1700
Tour na Gávea,Parques,Museu Flamengo,Leblon,"Dias 03, 04, 05, 06 ... 28",,R$20,https://clubinhodeofertas.com.br/rio-de-janeiro/tour-na-gavea-3872,"O Tour da Gávea é uma experiência única! A visitação é de terça a domingo de 09h às 17h30 (último horário de saída do tour) no Museu Flamengo, na Avenida Borges de Medeiros, 997. Um dos programas mais especiais para a Nação está de volta. O Tour da Gávea reabre suas portas e convida os torcedores a conhecerem de perto onde boa parte da história do Flamengo foi e é escrita. Visitar a Gávea é ver o campo onde ídolos como Zico, Leônidas da Silva e Zizinho treinaram e marcaram época. É conhecer o local onde treina a ginástica artística rubro-negra, acompanhar o ambiente do basquete bicampeão mundial, ver as piscinas, os barcos, o dojô e a tradicional garagem de Remo. Tudo isso, com uma vista privilegiada para o Cristo Redentor e para a Lagoa Rodrigo de Freitas. E tem mais: a oportunidade de tirar uma foto especial com troféus do Mengão. O Tour é uma imersão no coração do clube. Um passeio pela Casa do Flamengo. Um programa que os rubro-negros não podem deixar de fazer. 🙋🏻‍♂️A visita é conduzida por um mediador do Museu Flamengo, que apresenta os espaços, compartilha curiosidades e relembra momentos marcantes da trajetória rubro-negra. Mais do que um roteiro guiado, a experiência se t","de saída do tour) no Museu Flamengo, na Avenida Borges de Medeiros, 997. Um dos programas mais especiais para a Nação está de volta. O Tour da Gávea reabre suas portas e convida os torcedores a conhec",50,2,12,2000,https://clubinhodeofertas.com.br/rio-de-janeiro/tour-na-gavea-3872
Museu Flamengo Imersivo + Ídolo,Museu,Shopping Via Parque,Barra da Tijuca,"Dias 03, 04, 05, 06 ... 28",20%,R$36,https://clubinhodeofertas.com.br/rio-de-janeiro/museu-flamengo-imersivo-idolo-3995,"Museu Flamengo Imersivo + Ídolo é uma experiência única! A visitação é de terça a domingo de 18h às 21h no Shopping Via Parque - 2° Piso em frente à Ri Happy. Experiência completa. Foto com as 7 taças de 2025 e filme imersivo com as emoções dos títulos. Presença de ídolos históricos, garanta seu autógrafo. Museu Imersivo + Ídolo é um evento oficial do Museu Flamengo, que oferece aos torcedores a oportunidade de conhecer de perto seus grandes ídolos. Durante o evento, os participantes podem tirar fotos, pegar autógrafos e reviver os momentos mais marcantes da história do Flamengo, sempre ao lado de ícones que ajudaram a construir o legado do clube. Proibida a entrada com camisa de outros clubes. Não é permitido o consumo de alimentos e bebidas dentro da exposição. ⏰ HORÁRIOS: 📆3ª a domingo - 18h às 21h (último horário é às 20h45) Classificação: Livre 📆🏃Confira o Calendários dos Ídolos participante 31/05 (domingo) – Lê 02/06 - Athirson 03/06 - Beto 04/06 - Fernando Santos 05/06 - Leandro Ávila 06/06 - Nunes 07/06 - Toró ⚠️ Regras de Ingressos: - A visitação tem a duração de 30 minutos. Proibida a entrada com camisa de outros clubes. Não é permitido o consumo de alimentos e bebidas",03/06 às 18:00 | 04/06 às 18:00 | 05/06 às 18:00 | 06/06 às 18:00 | 07/06 às 18:00 | 09/06 às 18:00 | 10/06 às 18:00 | 11/06 às 18:00 | 12/06 às 18:00 | 13/06 às 18:00 | 14/06 às 18:00 | 16/06 às 18:0,30,2,12,4500,https://clubinhodeofertas.com.br/rio-de-janeiro/museu-flamengo-imersivo-idolo-3995
Museu Flamengo Imersivo,Museu,Shopping Via Parque,Barra da Tijuca,"Dias 03, 04, 05, 06 ... 29",20%,R$24,https://clubinhodeofertas.com.br/rio-de-janeiro/museu-flamengo-imersivo-3996,"Museu Flamengo Imersivo é uma experiência única! A visitação é diariamente no Shopping Via Parque - 2° Piso em frente à Ri Happy. Oportunidade única para foto com as 7 taças de 2025. Reviva as emoções dos títulos em uma experiência imersiva sensacional. Experiência imersiva “2025 – A hegemonia rubro-negra”, que celebra as conquistas do Flamengo no ano, com destaque para o Brasileiro e a Libertadores. A atração conta com filme imersivo, acervo histórico e exposição das taças, com oportunidade de fotos e encontro com ídolos. Proibida a entrada com camisa de outros clubes. Não é permitido o consumo de alimentos e bebidas dentro da exposição. ⏰ HORÁRIOS: 📆Segunda - 12h às 21h 📆Terça a Sexta - 12h às 17h30 📆Sábado - 10h às 17h30 📆Domingo e feriado - 12h às 17h30 Classificação: Livre ⚠️ Regras de Ingressos: - A visitação tem a duração de 30 minutos. Proibida a entrada com camisa de outros clubes. Não é permitido o consumo de alimentos e bebidas dentro da exposição. ⚠️* Meia-entrada: estudantes, idosos, professores, sócios torcedores, menores de 21 anos, PCD e um acompanhante.",04/06 às 12:00 | 05/06 às 12:00 | 06/06 às 10:00 | 07/06 às 12:00 | 08/06 às 12:00 | 09/06 às 12:00 | 10/06 às 12:00 | 11/06 às 12:00 | 12/06 às 12:00 | 13/06 às 10:00 | 14/06 às 12:00 | 15/06 às 12:0,30,2,12,3000,https://clubinhodeofertas.com.br/rio-de-janeiro/museu-flamengo-imersivo-3996
Saveiros Tour - Baía de Guanabara,Turismo,Marina da Glória,Glória,"Dias 03, 04, 05, 06 ... 29",26%,"R$47,50",https://clubinhodeofertas.com.br/rio-de-janeiro/saveiros-tour-baia-de-guanabara-2923,"Um lindo passeio de barco pela Baía de Guanabara passando pelos principais pontos turísticos e históricos do RJ. Um verdadeiro City Tour pelo mar! Passeios todos os dias, com embarque às 9h na Marina da Glória. Um lindo passeio de 2 horas cheio de histórias, paisagens naturais e construções modernas que envolvem a cidade maravilhosa! ⏰HORÁRIOS: 📆Diariamente - Embarques todos os dias a partir das 9h, com saídas às 9h30 e retorno às 11h30 📍Local de embarque: Marina da Glória – Cais Nobre Classificação: Livre Sobre o passeio: Descubra os pontos turísticos do Rio de Janeiro por um ângulo diferente em um programa imperdível para todas as idades! O passeio é cheio de histórias desde a época do descobrimento, lindas paisagens naturais, até o visual da engenharia moderna. Um ótimo programa para todas as idades, principalmente turistas e admiradores da navegação, natureza e da Cidade Maravilhosa. ROTEIRO DO TOUR: Marina da Glória • Aeroporto Santos Dumont • Escola Naval • Ilha Fiscal • Centro do Rio • Marinha do Brasil • Museu do Amanhã • Ilha das Enxadas • Ilha das Cobras • Ponte Rio Niterói • Centro de Niterói • Museu de Arte Contemporânea • Praias de Niterói • Fortaleza de Santa Cruz •",04/06 às 09:00 | 05/06 às 09:00 | 06/06 às 09:00 | 07/06 às 09:00 | 08/06 às 09:00 | 09/06 às 09:00 | 10/06 às 09:00 | 11/06 às 09:00 | 12/06 às 09:00 | 13/06 às 09:00 | 14/06 às 09:00 | 15/06 às 09:0,15,0,,4750,https://clubinhodeofertas.com.br/rio-de-janeiro/saveiros-tour-baia-de-guanabara-2923
Big Jump USA - Shopping Aerotown,Parques,Big Jump USA - Aerotown,Barra da Tijuca,"Dias 03, 04, 05, 06 ... 29",9%,R$59,https://clubinhodeofertas.com.br/rio-de-janeiro/big-jump-usa-shopping-aerotown-2088,"Trampolins, desafios e muita energia pra você viver momentos inesquecíveis com a família e os amigos. Aberto diariamente no Shopping Aerotown. ⚠️ As vendas encerram 1 hora antes do início de cada sessão. Um parque de trampolins feitos pra quem ama se divertir de verdade! Aqui, a diversão é ativa, cheia de desafios, adrenalina e momentos inesquecíveis pra todas as idades. Vem pular, correr, se jogar e viver essa experiência com a gente! ⏰HORÁRIOS: 📆Segunda a quinta: 14h - 20h 📆Sexta: 14h - 21h 📆Sábado: 12h - 21h 📆Domingo e feriados: 12h - 20h ⏳ Duração por ingresso: 1h Sobre o Jump: Mais que diversão, uma experiência que faz bem para todo mundo. O Big Jump é muito mais que um parque de trampolins. É um espaço pensado pra todas as idades, onde diversão, movimento e bem-estar se encontram. Aqui, cada pulo vale: além de se divertir, você se exercita, desenvolve equilíbrio e cria memórias inesquecíveis. Seja pra um rolê com os amigos, uma festa de aniversário ou aquele evento especial, a diversão está garantida! Trampolins Interconectados: Nossa área principal conta com dezenas de trampolins conectados, permitindo pulos contínuos e manobras empolgantes. Parede de Escalada: Desafie-s","📆Segunda a quinta: 14h - 20h 📆Sexta: 14h - 21h 📆Sábado: 12h - 21h 📆Domingo e feriados: 12h - 20h ⏳Duração por ingresso: 1h Sobre o Jump: Mais que diversão, uma experiência que faz bem para todo mu",30,6,,6500,https://clubinhodeofertas.com.br/rio-de-janeiro/big-jump-usa-shopping-aerotown-2088
Espaço Voltz Parkour & Trampolim Park - Barra,Recreação,Espaço Voltz Parkour & Trampolim Park - Via Parque Shopping - Barra da Tijuca,Barra da Tijuca,"Dias 03, 05, 08, 09 ... 29",18%,"R$57,40",https://clubinhodeofertas.com.br/rio-de-janeiro/voltz-parkour-barra-1562,"O Voltz Parkour se localiza na Barra da Tijuca no Via Parque Shopping! O parque funciona de 2ª a 6ª feira (exceto feriado) de 14h30 às 21h no Via Parque Shopping. Localizado no Via Parque Shopping, o Voltz Parkour apresenta 1 hora de recreação (crianças a partir de 3 anos e adultos). ⏰ HORÁRIOS: 📆De Segunda a sexta-feira (exceto feriados) - 14h30 às 21h Sobre o Voltz: Uma Voltz ainda mais performática com novidades como o primeiro Parque de Trampolim no Rio de Janeiro e sendo um Park Fluor que se acende e uma área ao lado de Parkour e Circo. Com recreação por tempo para crianças e adultos. E sim, temos um espaço exclusivo para você realizar a sua festa de aniversário! Em uma área de 400m², o espaço tem a proposta de misturar a atividade física principal com diferentes modalidades esportivas e de arte urbana. O espaço de Free Jump possui várias camas elásticas contendo obstáculos entre elas, onde é possível realizar um jogo de Dogeball, o famoso queimado. Ao lado, há uma área com cama elástica agregada às tabelas de basquete. O interior do parque tem ainda uma Piscina de Cubos, um local perfeito para se jogar e praticar saltos radicais em conexão com um Muro de Escalada. A fita de ",📆De Segunda a sexta-feira (exceto feriados) - 14h30 às 21h Sobre o Voltz: Uma Voltz ainda mais performática com novidades como o primeiro Parque de Trampolim no Rio de Janeiro e sendo um Park Fluor q,,3,,7000,https://clubinhodeofertas.com.br/rio-de-janeiro/voltz-parkour-barra-1562
Laser Tag - Shopping Aerotown,Parques,Big Jump USA - Aerotown,Barra da Tijuca,"Dias 03, 04, 05, 06 ... 29",16%,"R$29,40",https://clubinhodeofertas.com.br/rio-de-janeiro/laser-tag-shopping-aerotown-3620,"Uma arena de Laser Tag feitos pra quem ama se divertir de verdade! Aberto diariamente no Shopping Aerotown. ⚠️ As vendas encerram 1 hora antes do início de cada sessão. Viva toda a emoção e adrenalina do Laser Tag. Não é só uma diversão, é uma experiência única! Viva uma aventura épica na nossa arena futurista. Prepare-se para momentos inesquecíveis com sua família e amigos! ⏰HORÁRIOS: 📆Segunda a quinta: 14h - 20h 📆Sexta: 14h - 21h 📆Sábado: 12h - 21h 📆Domingo e feriados: 12h - 20h Classificação: a partir de 07 anos ⏳ Duração por ingresso: 20 minutos Informações sobre a atração: Prepare-se para liderar o jogo! Explore nossa arena futurista, equipada com luzes vibrantes e cenários imersivos. Troque o tédio por adrenalina! Veja nossos jogadores em ação, usando Blasters de última geração e coletes tecnológicos. Momentos que ficam na memória! Famílias e amigos se divertindo juntos, criando histórias para contar. Viva toda a emoção e adrenalina do Laser Tag. Mergulhe na arena futurista e agarre sua blaster de laser. Lute pela vitória em uma experiência eletrizante e singular, onde cada disparo é uma dose de pura emoção. Tecnologia de ponta: Equipamentos de alta qualidade para uma exp",04/06 às 12:00 | 05/06 às 14:00 | 06/06 às 12:00 | 07/06 às 12:00 | 08/06 às 14:00 | 09/06 às 14:00 | 10/06 às 14:00 | 11/06 às 14:00 | 12/06 às 14:00 | 13/06 às 12:00 | 14/06 às 12:00 | 15/06 às 14:0,20,07,,3500,https://clubinhodeofertas.com.br/rio-de-janeiro/laser-tag-shopping-aerotown-3620
Parque Shanghai,Parques,Parque Shanghai,Penha,"Dias 04, 05, 06, 07 ... 27",,R$40,https://clubinhodeofertas.com.br/rio-de-janeiro/parque-shanghai-2432,"O Parque Shanghai é o Parque de Diversões mais tradicional do Rio de Janeiro, localizado na Penha, coração da Zona Norte do Rio. Aberto 5ª e 6ª de 18h às 22h, sábados, domingos e feriados de 15h às 21h. ⚠️ As vendas para o mesmo dia travam 1 hora antes do horário de abertura do parque. O Parque Shanghai é um dos pontos turísticos mais antigos do Brasil. ⏰ HORÁRIOS: 📆Quintas e sexta: 18h às 22h 📆Sábados, domingos e feriados: 15h às 21h Classificação: Livre Sobre o Parque: O Parque Shanghai é um dos pontos turísticos mais antigos do Brasil, ele se encontra aos pés da igreja da Penha, outro ponto turístico importante do Rio de Janeiro, e é uma referência de pertencimento para o carioca e para os 17 milhões de moradores do Estado do Rio de Janeiro. Já está há mais de 100 anos trazendo diversão e alegria para os cariocas. ⚠️Regras do Ingresso: - Cupons válidos tanto para adultos quanto para crianças, o passaporte é de uso individual; - A entrada no Parque Shanghai é gratuita, ou seja, se um acompanhante quiser apenas entrar no Parque Shanghai para levar as crianças ele pode circular normalmente pelas dependências do Parque. - Os valores citados são referentes aos passaportes que dão o",04/06 às 15:00 | 05/06 às 18:00 | 06/06 às 15:00 | 07/06 às 15:00 | 11/06 às 18:00 | 12/06 às 18:00 | 13/06 às 15:00 | 14/06 às 15:00 | 18/06 às 18:00 | 19/06 às 18:00 | 20/06 às 15:00 | 21/06 às 15:0,30,0,,4000,https://clubinhodeofertas.com.br/rio-de-janeiro/parque-shanghai-2432
Circus Trattoria,Parques e Recreação,Circus Trattoria - Shopping Nova América,Del Castilho,"Dias 03, 04, 05, 06 ... 29",12%,R$69,https://clubinhodeofertas.com.br/rio-de-janeiro/circus-trattoria-2721,"Vista o chapéu de chef e o avental para montar sua pizza e assista as apresentações circenses que acontecem a cada 30 minutos. Aberto diariamente a partir do 12h até às 22h no 2º Piso do Shopping Nova América. 🎪O Circus Trattoria, restaurante temático no Nova América, tem o prazer de apresentar: nossa experiência Mini Chef - Pizza Mágica.🎪 Apresentações circenses, camarim com espelhos mágicos, mini chefe e diversos jogos de mesa lúdicos para a criançada se divertirem e os papais e mamães também junto de seus pequenos✨ Transforme o seu filho em um Mini Chef e montem juntos uma pizza deliciosa para comemorar essa data especial! Vista o chapéu, coloque o avental e vivam essa experiência divertida lado a lado. Depois, é só esperar sair do forno e saborear em família. 😋 🍕 Pratos autorais e pizzas espetaculosas 🎲 Jogos de mesa 👩🏻‍🍳 Mini chefe 🤹🏼‍♀️ Números circenses incríveis e muito mais. Venha saborear nossas espetaculosas pizzas e pratos autorais, brincar de jogos de mesa, tornar seu filho (a) um mini chefe, apreciar números circenses bem pertinho de você e muito mais. 🍕🤹🏼‍♀️ ⏰HORÁRIOS: 📆2ª a 6ª feira - 17h às 22h 📆Sábado e domingo - de 12h às 22h 👶Idade pagante: Crian",03/06 às 17:00 | 04/06 às 17:00 | 05/06 às 17:00 | 06/06 às 12:00 | 07/06 às 12:00 | 08/06 às 17:00 | 09/06 às 17:00 | 10/06 às 17:00 | 11/06 às 17:00 | 12/06 às 17:00 | 13/06 às 12:00 | 14/06 às 12:0,30,0,,7900,https://clubinhodeofertas.com.br/rio-de-janeiro/circus-trattoria-2721
Big Jump USA - Shopping Via Brasil,Parques,Big Jump USA - Shopping Via Brasil,Irajá,"Dias 03, 04, 05, 06 ... 29",21%,R$50,https://clubinhodeofertas.com.br/rio-de-janeiro/big-jump-usa-shopping-via-brasil-2095,"Trampolins, desafios e muita energia pra você viver momentos inesquecíveis com a família e os amigos. Aberto diariamente no Shopping Via Brasil. ⚠️ As vendas encerram 1 hora antes do início de cada sessão. Um parque de trampolins feitos pra quem ama se divertir de verdade! Aqui, a diversão é ativa, cheia de desafios, adrenalina e momentos inesquecíveis pra todas as idades. Vem pular, correr, se jogar e viver essa experiência com a gente! ⏰HORÁRIOS: 📆Segunda a quinta: 14h - 20h 📆Sexta: 14h - 21h 📆Sábado e feriados: 13h - 21h 📆Domingo: 12h - 20h ⏳ Duração: 1h Sobre o Jump: Mais que diversão, uma experiência que faz bem para todo mundo. O Big Jump é muito mais que um parque de trampolins. É um espaço pensado pra todas as idades, onde diversão, movimento e bem-estar se encontram. Aqui, cada pulo vale: além de se divertir, você se exercita, desenvolve equilíbrio e cria memórias inesquecíveis. Seja pra um rolê com os amigos, uma festa de aniversário ou aquele evento especial, a diversão está garantida! Trampolins Interconectados: Nossa área principal conta com dezenas de trampolins conectados, permitindo pulos contínuos e manobras empolgantes. Parede de Escalada: Desafie-se a alcança","📆Segunda a quinta: 14h - 20h 📆Sexta: 14h - 21h 📆Sábado e feriados: 13h - 21h 📆Domingo: 12h - 20h ⏳Duração: 1h Sobre o Jump: Mais que diversão, uma experiência que faz bem para todo mundo. O Big Ju",30,6,,6000,https://clubinhodeofertas.com.br/rio-de-janeiro/big-jump-usa-shopping-via-brasil-2095
Raduan Circus Apresenta Disney Magic Show,Circo,Uptown Barra,Barra da Tijuca,"Dias 04, 05, 06, 07",33%,R$10,https://clubinhodeofertas.com.br/rio-de-janeiro/raduan-circus-apresenta-disney-magic-show-1602,"O Raduan Circus estreia com Disney Magic Show na Barra. Apresentações 6ª às 20h, sábado, domingo e feriado às 16h, 18h e 20h no estacionamento do Uptown Barra. ⚠️ As vendas encerram 1 hora antes do início de cada sessão do espetáculo. ✨ Venha se emocionar com personagens incríveis, música, luzes e muita magia! 🎪✨ RADUAN CIRCUS APRESENTA: DISNEY MAGIC SHOW! Eles estão de volta com um espetáculo encantador para toda a família! 🌟🎉 💫 Um espetáculo que vai marcar sua semana! ⏰ HORÁRIOS: 🗓️6ª feira - 20h 🗓️Sábado, domingo e feriado - 16h, 18h e 20h Classificação: Livre ⏳ Duração: 1h40 Sobre o Circo: O Raduan Circus chegou em Itaboraí trazendo toda a magia do circo tradicional com um toque de emoção e fantasia. Prepare-se para se encantar com acrobacias incríveis, palhaços divertidos e atrações que vão surpreender crianças e adultos. Um show inesquecível para viver em família, recheado de brilho, risadas e muita diversão! ✨ Venha se emocionar com personagens incríveis, música, luzes e muita magia! 🎪✨ RADUAN CIRCUS APRESENTA: DISNEY MAGIC SHOW! Eles estão de volta com um espetáculo encantador para toda a família! 🌟🎉 Um espetáculo que vai marcar sua semana! Corra e garanta já seu i",04/06 às 16:00 | 04/06 às 18:00 | 04/06 às 20:00 | 05/06 às 20:00 | 06/06 às 16:00 | 06/06 às 18:00 | 06/06 às 20:00 | 07/06 às 16:00 | 07/06 às 18:00 | 07/06 às 20:00,10,2,12,1000,https://clubinhodeofertas.com.br/rio-de-janeiro/raduan-circus-apresenta-disney-magic-show-1602
"Beatles Para Crianças, A Minha Banda de Rock",Show,Teatro Clara Nunes - Shopping da Gávea,Gávea,"Dias 06, 07",50%,R$50,https://clubinhodeofertas.com.br/rio-de-janeiro/beatles-para-criancas-a-minha-banda-de-rock-1293,"Um show inédito celebrando os 10 anos e a história da banda de rock. Únicas apresentações em Junho nos dias 06 às 16h e 07 às 11h no Teatro Clara Nunes ⚠️ As vendas encerram 1 hora antes do início de cada sessão do espetáculo. Nosso novo espetáculo faz uma relação entre a trajetória de 10 anos do projeto Beatles Para Crianças e a história de 10 anos de palcos, estúdios, viagens e amizade dos garotos de Liverpool. ⏰HORÁRIOS: 📆Dias 06/06 - 16h | 07/06 - 11h Classificação: Livre Sobre o espetáculo: Como montar uma banda de rock? Onde explode a vontade de fazer música com os melhores amigos? Quais as principais influências de cada integrante da banda? Nos 10 anos do projeto Beatles Para Crianças, apresentamos um show inédito celebrando o nosso aniversário e a história da banda de rock mais importante de todos os tempos, os Beatles.!! Uma celebração da amizade!! Nosso novo espetáculo faz uma relação entre a trajetória de 10 anos do projeto Beatles Para Crianças e a história de 10 anos de palcos, estúdios, viagens e amizade dos garotos de Liverpool. Repleto de novidades e de momentos divertidos, o novo show tem um repertório novo e adaptado para instrumentos e arranjos musicais diferent",📆Dias 06/06 - 16h | 07/06 - 11h,65,2,12,10000,https://clubinhodeofertas.com.br/rio-de-janeiro/beatles-para-criancas-a-minha-banda-de-rock-1293
A Copa Mágica do Mickey e da Minnie,Teatro Infantil,Teatro dos Quatro - Shopping da Gávea,Gávea,Somente dia 06,30%,"R$54,90",https://clubinhodeofertas.com.br/rio-de-janeiro/a-copa-magica-do-mickey-e-da-minnie-3979,"No Reino da Fantasia, Mickey Mouse e Minnie Mouse recebem a missão de organizar a Copa Mágica Única apresentação 06 de Junho às 16h no Teatro dos Quatro. ⚠️ As vendas encerram 1 hora antes do início de cada sessão do espetáculo. .Inspirado no espírito da Copa do Mundo FIFA, o espetáculo convida o público a embarcar em uma competição diferente, onde o verdadeiro troféu é o trabalho em equipe e o jogo limpo. ⏰HORÁRIOS: 📆Dia 06/06 - 16h Classificação: Livre Sobre o espetáculo: A Copa Mágica do Mickey e da Minnie chega para encantar o público com uma história cheia de magia, diversão e valores inesquecíveis. No Reino da Fantasia, Mickey Mouse e Minnie Mouse recebem a missão de organizar a Copa Mágica — um torneio especial onde o mais importante não é marcar gols, mas sim jogar com amizade, respeito e alegria. Inspirado no espírito da Copa do Mundo FIFA, o espetáculo convida o público a embarcar em uma competição diferente, onde o verdadeiro troféu é o trabalho em equipe e o jogo limpo. Mas a disputa ganha um toque inesperado quando um personagem atrapalhado decide vencer a qualquer custo, usando truques nada justos. Com o apoio de amigos como Pateta e Donald Duck, Mickey e Minnie most",📆Dia 06/06 - 16h,60,2,12,5500,https://clubinhodeofertas.com.br/rio-de-janeiro/a-copa-magica-do-mickey-e-da-minnie-3979
Tiquequê Coleções e Grupo Triii,Show,Qualistage,Barra da Tijuca,Somente dia 07,50%,"R$97,50",https://clubinhodeofertas.com.br/rio-de-janeiro/tiqueque-colecoes-e-grupo-triii-3989,"Tiquequê apresenta ""Coleções"": Um inventário de afetos e encontros Única apresentação 07 de Junho às 17h no Qualistage. ⚠️ As vendas encerram 1 hora antes do início de cada sessão do espetáculo. O que define uma coleção? Para o Tiquequê – que celebra 25 anos de carreira em 2026 –, a resposta vai além de objetos guardados em caixas. ⏰HORÁRIOS: 📆Dia 07/06 - 17h Classificação: Livre Sobre o espetáculo: Tiquequê apresenta ""Coleções"": Um inventário de afetos e encontros O que define uma coleção? Para o Tiquequê – que celebra 25 anos de carreira em 2026 –, a resposta vai além de objetos guardados em caixas. A palavra ""coleção"" carrega em sua etimologia o latim collectio, derivada de colligere: escolher e reunir. É exatamente esse o espírito da nova turnê de Diana Tatit e Wem. A curadoria do olhar Colecionar é um gesto atemporal da infância que atravessa gerações: mesmo em um mundo repleto de estímulos digitais, as crianças seguem encontrando fascínio em reunir pedrinhas, conchas ou figurinhas. O show celebra a beleza de agrupar itens que são únicos e diferentes entre si, mas que ganham um sentido especial quando compõem um todo. Em “Coleções”, cada elemento é uma peça distinta de um con",📆Dia 07/06 - 17h,30,2,12,19500,https://clubinhodeofertas.com.br/rio-de-janeiro/tiqueque-colecoes-e-grupo-triii-3989
JACK D. MORGAN e os Artefatos da Grand Line,Teatro Infantil,Teatro Vannucci - Shopping da Gávea,Gávea,"Dias 06, 07, 13, 14",50%,"R$49,90",https://clubinhodeofertas.com.br/rio-de-janeiro/jack-d-morgan-e-os-artefatos-da-grand-line-3975,"Uma história que se passa no século perdido no universo de One Piece. Apresentações aos sábados às 11h no Teatro Vannucci. ⚠️ As vendas encerram 1 hora antes do início de cada sessão do espetáculo. É um espetáculo teatral que mistura aventura, ação, humor e emoção para contar a trajetória de um pirata que desafia não apenas seus inimigos… mas o próprio destino. ⏰HORÁRIOS: 📆Sábados - 11h Classificação: Livre Sobre o espetáculo: Quando o mar era território de homens livres e perigosos, surge uma história que vai muito além de saques e batalhas. Após roubar um misterioso objeto sem conhecer seu verdadeiro poder, o capitão Jack Morgan se vê no centro de uma disputa mortal contra o temido Lobo do Mar — um pirata obcecado pela imortalidade. Enquanto alianças são testadas e traições vêm à tona, Jack precisa correr contra o tempo para salvar seu melhor amigo e impedir que um ritual ancestral libere forças que jamais deveriam ser despertadas. Ao lado de personagens marcantes como a enigmática Úrsula e a destemida Margot, o público é levado a uma jornada intensa, onde cada escolha pode custar tudo. Com cenas de luta coreografadas, momentos cômicos e uma narrativa envolvente, o espetáculo en",06/06 às 11:00 | 07/06 às 11:00 | 13/06 às 11:00 | 14/06 às 11:00 | 20/06 às 11:00,60,2,12,10000,https://clubinhodeofertas.com.br/rio-de-janeiro/jack-d-morgan-e-os-artefatos-da-grand-line-3975
O Maior Quintal do Mundo,Teatro Infantil,Ecovilla Ri Happy,Jardim Botânico,"Dias 06, 07, 13, 14 ... 27",30%,R$40,https://clubinhodeofertas.com.br/rio-de-janeiro/o-maior-quintal-do-mundo-3524,"O espetáculo convida a desaprender o mundo utilitarista para reaprender as miudezas da vida. Apresentações aos sábados e domingos às 11h na Ecovilla Ri Happy. ⚠️ As vendas encerram 1 hora antes do início de cada sessão do espetáculo. No fundo de um quintal, desses que cabem no pé da infância e no peito dos poetas, vive Manoel, um menino que escuta o amarelo do sol, conversa com pedras e planta palavras no chão. ⏰ HORÁRIOS: 📆Sábados e domingos - 11h Classificação: Livre Sobre o espetáculo: No fundo de um quintal, desses que cabem no pé da infância e no peito dos poetas, vivem Manoel, um menino que escuta o amarelo do sol, conversa com pedras e planta palavras no chão. Seu mundo é feito de restos, silêncios e despropósitos, onde o inútil ganha asas e o esquecido vira semente. Entre passarinhos e pregos enferrujados, ele inventa uma nova ordem: a lógica do encanto. Com a ajuda de narradores brincantes e versos que escorrem feito um rio inventado, o espetáculo convida a desaprender o mundo utilitarista para reaprender as miudezas da vida. O Maior Quintal do Mundo é uma travessia poética pela infância como território sagrado, onde até a bunda de uma formiga pode ser maior que o univers",06/06 às 11:00 | 07/06 às 11:00 | 13/06 às 11:00 | 14/06 às 11:00 | 20/06 às 11:00 | 21/06 às 11:00 | 27/06 às 11:00 | 28/06 às 11:00,60,2,12,4000,https://clubinhodeofertas.com.br/rio-de-janeiro/o-maior-quintal-do-mundo-3524
A Bela e a Fera,Teatro Infantil,Teatro das Artes - Shopping da Gávea,Gávea,"Dias 06, 07, 13, 20 ... 27",25%,"R$49,90",https://clubinhodeofertas.com.br/rio-de-janeiro/a-bela-e-a-fera-84,"A Bela e a Fera é uma linda história de amor verdadeiro. Apresentações aos sábados e domingos às 16h no Teatro das Artes ⚠️ As vendas encerram 1 hora antes do início de cada sessão do espetáculo. Bela, moradora de uma pequena aldeia francesa, tem o pai capturado por uma fera e decide entregar sua vida, em troca da liberdade do seu pai. ⏰HORÁRIOS: 📆Sábados e domingos - 16h Classificação: Livre Sobre o espetáculo: Bela, moradora de uma pequena aldeia francesa, tem o pai capturado por uma fera e decide entregar sua vida, em troca da liberdade do seu pai. No castelo, ela conhece objetos mágicos e descobre que a fera é na verdade um lindo príncipe, que precisa de amor para voltar à forma humana. Com muitas músicas, danças, encenação ágil e divertida, essa história é contada para toda família.",06/06 às 16:00 | 07/06 às 16:00 | 13/06 às 16:00 | 20/06 às 16:00 | 21/06 às 16:00 | 27/06 às 16:00 | 28/06 às 16:00,60,2,12,5000,https://clubinhodeofertas.com.br/rio-de-janeiro/a-bela-e-a-fera-84
A Capivara Cantora,Teatro Infantil,Teatro Miguel Falabella - Norte Shopping,Cachambi,Somente dia 07,50%,R$40,https://clubinhodeofertas.com.br/rio-de-janeiro/a-capivara-cantora-3968,"A Capivara Cantora é um espetáculo infantil criado para emocionar, divertir e encantar crianças e adultos do começo ao fim. Única apresentação 07 de Junho às 15h no Teatro Miguel Falabella. ⚠️ As vendas encerram 1 hora antes do início de cada sessão do espetáculo. Prepare-se para viver uma tarde mágica em família, cheia de música, diversão e personagens encantadores! ⏰ HORÁRIOS: 📆07/06 -15h Classificação: Livre Sobre o espetáculo: A Capivara Cantora é um espetáculo infantil criado para emocionar, divertir e encantar crianças e adultos do começo ao fim. Em um bosque mágico, Elza, Ana de Arendel, Bela e outros personagens muito queridos decidem realizar um grande show. Mas existe um desafio: encontrar a estrela perfeita para subir ao palco e fazer essa festa acontecer. É então que surge ela: A Capivara Cantora! Alegre, carismática e cheia de talento, ela promete transformar o grande final em um momento inesquecível, com muita música e animação para toda a plateia cantar junto. Um espetáculo lúdico, interativo e cheio de magia, ideal para pais e filhos viverem juntos uma experiência especial no teatro. Garanta já seu ingresso e venha se divertir com toda a família!",07/06 às 15:00,60,2,12,8000,https://clubinhodeofertas.com.br/rio-de-janeiro/a-capivara-cantora-3968
Cinderela,Teatro Infantil,Teatro dos Grandes Atores - Shopping Barra Square,Barra da Tijuca,"Dias 06, 07, 25/07, 26/07",27%,"R$44,90",https://clubinhodeofertas.com.br/rio-de-janeiro/cinderela-316,"A Cinderela, com toda sua doçura e ajuda de sua Fada Madrinha, conseguirá viver um verdadeiro conto de fadas! Apresentações aos sábados e domingos no Teatro dos Grandes Atores. ⚠️ As vendas encerram 1 hora antes do início de cada sessão do espetáculo. 👠 Sucesso de público com mais de 10 mil espectadores, “Cinderela” chega à Barra da Tijuca para encantar com sua magia! A Cia Ação Contínua apresenta uma releitura vibrante do clássico conto de fadas, onde a tradição encontra a modernidade. 👑 ⏰HORÁRIOS: 📆Sábados e domingos -16h e 17h Classificação: Livre Sobre o espetáculo: Sucesso de público com mais de 10 mil espectadores, “Cinderela” chega à Barra da Tijuca para encantar com sua magia! A Cia Ação Contínua apresenta uma releitura vibrante do clássico conto de fadas, onde a tradição encontra a modernidade. 🎶 Trilha Sonora Inovadora de Demetrius Gomes: Prepare-se para o “Funk da Cinderela” e outras canções originais que misturam o clássico com o ritmo contagiante do Funk carioca, criando uma experiência única para a plateia. 🎭 Espetáculo Visual: Figurinos deslumbrantes e um cenário lúdico prometem capturar a imaginação de crianças e adultos, enquanto a direção é de Marcelo Lavinas",06/06 às 16:00 | 07/06 às 16:00 | 25/07 às 17:00 | 26/07 às 17:00,60,2,12,4500,https://clubinhodeofertas.com.br/rio-de-janeiro/cinderela-316
A Bela Adormecida,Teatro Infantil,Teatro dos Grandes Atores - Shopping Barra Square,Barra da Tijuca,"Dias 06, 07",27%,"R$44,90",https://clubinhodeofertas.com.br/rio-de-janeiro/a-bela-adormecida-3862,"A Princesa Aurora é amaldiçoada por uma fada vingativa. Apresentações sábados e domingos às 17h no Teatro dos Grandes Atores. ⚠️ As vendas encerram 1 hora antes do início de cada sessão do espetáculo. O conto atemporal de A Bela Adormecida ganha nova vida em uma montagem teatral deslumbrante que promete encantar públicos de todas as idades ⏰HORÁRIOS: 📆Sábados e domingos - 17h Classificação: Livre Sobre o espetáculo: O conto atemporal de A Bela Adormecida ganha nova vida em uma montagem teatral deslumbrante que promete encantar públicos de todas as idades. Com direção de Marcelo Lavinas e produção da companhia Cia. Ação Contínua, o espetáculo mergulha na fantasia e no lirismo da história da princesa Aurora, amaldiçoada por uma fada vingativa a cair em sono profundo até ser despertada por um beijo de amor verdadeiro. Nesta adaptação, o palco se transforma em um reino mágico, com belos cenários, figurinos de Bruno Rodrigues e trilha sonora original de Demetrius Gomes que embala cada cena com emoção e beleza. A montagem valoriza a força dos personagens femininos, o poder da amizade e a esperança que resiste ao tempo. Venha se encantar com essa história que atravessa gerações e continu",06/06 às 17:00 | 07/06 às 17:00,60,2,12,4500,https://clubinhodeofertas.com.br/rio-de-janeiro/a-bela-adormecida-3862
Bailinho Encantado da Copa,Teatro Infantil,Teatro Brigitte Blair,Copacabana,"Dias 06, 07",55%,"R$49,90",https://clubinhodeofertas.com.br/rio-de-janeiro/bailinho-encantado-da-copa-3985,"O palco se transforma em um verdadeiro reino encantado em clima de Copa do Mundo Únicas apresentações 06 e 07 de Junho às 17h no Teatro Brigitte Blair. ⚠️ As vendas encerram 1 hora antes do início de cada sessão do espetáculo. Prepare-se para uma tarde inesquecível, repleta de magia, cores e muita diversão! ⏰HORÁRIOS: 📆Sábados e domingos - 15h Classificação: Livre Sobre o espetáculo: O Bailinho Encantado da Copa chega como um espetáculo encantador que mistura o universo das princesas com a energia contagiante do futebol. Em um cenário que se transforma em um verdadeiro reino mágico em clima de Copa do Mundo, o público é conduzido por uma experiência única. Quem comanda essa grande festa é a poderosa guerreira do K-POP, Rumi, que chega com atitude, dança e uma energia eletrizante. Ao lado dela, princesas que atravessam gerações entram em cena para encantar crianças e adultos: Ariel, Bela, Elsa, Rapunzel, Moana e Mirabel. Entre músicas animadas, coreografias vibrantes e momentos de pura emoção, o público é convidado a cantar, dançar e torcer junto, vivendo uma celebração cheia de alegria, união e espírito esportivo. Um espetáculo interativo do início ao fim! Venha com sua fantasia e",06/06 às 17:00 | 07/06 às 17:00,60,2,12,10000,https://clubinhodeofertas.com.br/rio-de-janeiro/bailinho-encantado-da-copa-3985
"O Rei Leão, O Ciclo da Vida",Teatro Infantil,Teatro Dercy Gonçalves - Grajaú Country Club,Grajaú,Somente dia 06,58%,R$25,https://clubinhodeofertas.com.br/rio-de-janeiro/o-rei-leao-o-ciclo-da-vida-o-musical-211,"O espetáculo conta a história de Simba, um leãozinho, que luta para assumir o trono que é seu de direito. Única apresentação 6 de Junho às 16h no Teatro Dercy Gonçalves. ⚠️ As vendas encerram 1 hora antes do início de cada sessão do espetáculo. Uma linda história de amor entre a Bela e a Fera. ⏰HORÁRIOS: 📆06/06 -16h Classificação: Livre Sobre o espetáculo: O espetáculo conta a história de Simba, filho do Rei Mufasa e da rainha Sarabi. O recém-nascido recebe a bênção do sábio babuíno Rafiki. Ao crescer, é envolvido nas artimanhas de seu tio Scar, o invejoso e maldoso irmão de Mufasa, que planeja se livrar do sobrinho e assumir o trono. Quando Simba se vê injustamente acusado pela morte de Mufasa, resolve se exilar das Terras do Reino. Ele encontra abrigo junto a outros dois excluídos da sociedade, um javali chamado Pumba e um suricate chamado Timão, que lhe ensinam a filosofia do ""Hakuna Matata"" (sem preocupações). Anos depois, ao se tornar um leão adulto, ele é descoberto por Nala, sua amiga de infância. Nala conta sobre o desastroso reinado de seu ganancioso tio Scar e o quanto Simba é importante para todos. Então ele percebe que deve escolher entre assumir suas responsabilidades",06/06 às 16:00,1,2,12,6000,https://clubinhodeofertas.com.br/rio-de-janeiro/o-rei-leao-o-ciclo-da-vida-o-musical-211
Top 10 da Galinha Pintadinha,Teatro Infantil,Teatro Bangu Shopping,Bangu,Somente dia 06,50%,R$40,https://clubinhodeofertas.com.br/rio-de-janeiro/top-10-da-galinha-pintadinha-3220,"Prepare-se para momentos inesquecíveis de muita música e diversão com a personagem infantil mais querida do Brasil. Única apresentação 06 de Junho às 15h no Teatro Bangu Shopping. ⚠️ As vendas encerram 1 hora antes do início de cada sessão do espetáculo. A Galinha Pintadinha, ícone infantil que conquistou milhões de corações pelo mundo, desembarca mais uma vez no Rio de Janeiro para encantar crianças e famílias com o espetáculo ""TOP 10 DA GALINHA PINTADINHA"". ⏰HORÁRIOS: 📆06/06 - 15h Classificação: Livre Sobre o espetáculo: Prepare-se para momentos inesquecíveis de muita música e diversão com a personagem infantil mais querida do Brasil A Galinha Pintadinha, ícone infantil que conquistou milhões de corações pelo mundo, desembarca mais uma vez no Rio de Janeiro para encantar crianças e famílias com o espetáculo ""TOP 10 DA GALINHA PINTADINHA"". ""TOP 10 DA GALINHA PINTADINHA"" promete encantar crianças e adultos com uma seleção das músicas mais amadas da Popó e sua turma. No show, o público é transportado para um universo mágico, onde canções como ""Pintinho Amarelinho"", ""A Baratinha"" e ""Mariana"" ganham vida em performances repletas de cores, dança e interatividade. O novo show, apresent",06/06 às 15:00,60,2,12,8000,https://clubinhodeofertas.com.br/rio-de-janeiro/top-10-da-galinha-pintadinha-3220
Arraiá Infantil do Violúdico,Show,Centro da Música Carioca Artur da Távola,Tijuca,Somente dia 07,33%,R$30,https://clubinhodeofertas.com.br/rio-de-janeiro/arraia-infantil-do-violudico-2757,"O Arraiá do Violúdico transforma a tradicional festa junina em uma experiência musical divertida e totalmente interativa. Única apresentação dia 07 de Junho às 16h no Centro da Música Carioca Artur da Távola ⚠️ As vendas encerram 1 hora antes do início de cada sessão do espetáculo. ⏰HORÁRIOS: 📆Dia 07/06 - 16h Classificação: Livre Sobre o espetáculo: Com mais de 10 anos de trajetória, o Violúdico é um dos projetos de música infantil mais relevantes do Rio de Janeiro, unindo shows interativos, humor, criatividade e musicalidade moderna para toda a família. O grupo já realizou grandes apresentações pelo país, participou de programas na TV Brasil e soma dezenas de milhões de reproduções nas plataformas digitais, com músicas que alcançam crianças, pais e educadores em todo o Brasil. O Arraiá do Violúdico transforma a tradicional festa junina em uma experiência musical divertida, moderna e totalmente interativa para crianças e famílias. Com muita música ao vivo, brincadeiras, dança, humor e participação do público, o show mistura clássicos juninos com a identidade criativa e energética do grupo, criando um espetáculo colorido, animado e cheio de momentos inesquecíveis. Através dessas ca",📆Dia 07/06 - 16h,15,2,12,3000,https://clubinhodeofertas.com.br/rio-de-janeiro/arraia-infantil-do-violudico-2757
Ler é um Espetáculo,Teatro Infantil,Ecovilla Ri Happy,Jardim Botânico,"Dias 06, 07",30%,R$35,https://clubinhodeofertas.com.br/rio-de-janeiro/ler-e-um-espetaculo-3917,"Uma palestra de encantamento cultivada nos 25 anos de encontros literários de Zé. Únicas apresentações 06 e 07 de Junho às 16h na Ecovilla Ri Happy. Em” Ler é um Espetáculo” Ivan Zigg, multiartista, inventor de músicas, ilustrações, livros e sonhos, nos transporta para dentro de seu processo de criação. ⏰ HORÁRIOS: 📆 Dias 06 e 07/06 - 16h Classificação: Livre Sobre o evento: “Ler é um Espetáculo” é uma palestra de encantamento cultivada nos 25 anos de encontros literários de Zé. Comunidades, centros culturais, teatros, eventos do livro, bibliotecas, escolas e livrarias são o palco dessa aventura. Uma apresentação para todas as idades que dura 50 minutos e que pode terminar em bate-papo literário com o público. Em” Ler é um Espetáculo” Ivan Zigg, multiartista, inventor de músicas, ilustrações, livros e sonhos, nos transporta para dentro de seu processo de criação. Ele próprio é sua criação e o público se vê diante de uma incrível descoberta: a arte para além do corpo, do papel, entre o visível e o imaginado. O meio de transporte é a poesia envolta em música, expressão corporal, histórias e ilustrações feitas na hora. O instantâneo e a memória do momento vivido tornam esse encontro ",06/06 às 16:00 | 07/06 às 16:00,50,2,12,3500,https://clubinhodeofertas.com.br/rio-de-janeiro/ler-e-um-espetaculo-3917
O Mágico de Oz,Teatro Infantil,Teatro Clara Nunes - Shopping da Gávea,Gávea,Somente dia 07,50%,R$50,https://clubinhodeofertas.com.br/rio-de-janeiro/o-magico-de-oz-3951,"Venha atravessar a estrada dos tijolos amarelos e se encantar com o clássico O Mágico de OZ no teatro Clara Nunes! Apresentações sábados e domingos às 15h no Teatro Clara Nunes. ⚠️ As vendas encerram 1 hora antes do início de cada sessão do espetáculo. Encenado por 25 atores mirins com idades entre 07 e 14 anos, será um espetáculo de criança para criança, que promete encantar todas as famílias. ⏰ HORÁRIOS: 📆Sábados e domingos - 15h | 07/06 - 16h Classificação: Livre Sobre o espetáculo: Entre raios e trovões, dez crianças de um orfanato acordam assustadas no meio da madrugada. O barulho ensurdecedor não as deixa dormir. A madre superiora tenta acalmá-las contando a história O Mágico de OZ. Os personagens saem do livro e ganham vida na imaginação de cada órfão. Encenado por 25 atores mirins com idades entre 07 e 14 anos, será um espetáculo de criança para criança, que promete encantar todas as famílias. O público será convidado a atravessar a estrada ao buscar os seus assentos, pois a magia começa desde a entrada no teatro!",📆Sábados e domingos - 15h | 07/06 - 16h,60,2,12,10000,https://clubinhodeofertas.com.br/rio-de-janeiro/o-magico-de-oz-3951
Palavra Cantada,Show,Vivo Rio,Parque do Flamengo,Somente dia 21,50%,R$60,https://clubinhodeofertas.com.br/rio-de-janeiro/palavra-cantada-3991,"PALAVRA CANTADA SEGUE EM TURNÊ COM O SHOW PALAVRA CANTADA 30 ANOS Única apresentação 21 de Junho às 17h no Vivo Rio. ⚠️ As vendas encerram 1 hora antes do início de cada sessão do espetáculo. Há mais de três décadas, a Palavra Cantada é a trilha sonora de milhões de brasileiros e se perpetua na alma e no coração de adultos e crianças, acompanhando diversas gerações. ⏰HORÁRIOS: 📆Dia 21/06 - 17h Classificação: Livre Sobre o Show: Trinta anos não são 30 dias. Há mais de três décadas, a Palavra Cantada é a trilha sonora de milhões de brasileiros e se perpetua na alma e no coração de adultos e crianças, acompanhando diversas gerações. O projeto é fruto do encontro de Sandra Peres e Paulo Tatit, que criaram um universo lúdico e seguem escrevendo uma importante e original página na cultura brasileira. Para celebrar a data tão especial, a dupla estreou o show, ‘Palavra Cantada 30 anos' em 2025. Devido ao grande sucesso, o show ‘Palavra Cantada 30 anos’ segue pelo Brasil em 2026, dando continuidade à celebração dessa data especial junto ao público que une avós, pais, filhos e netos em torno dos grandes clássicos da carreira da dupla, como ‘Sopa’ e ‘Pé com Pé’, além das canções do último ál",📆Dia 21/06 - 17h,10,2,12,12000,https://clubinhodeofertas.com.br/rio-de-janeiro/palavra-cantada-3991
Gabriel e Shirley,Teatro Infantil,Qualistage,Barra da Tijuca,Somente dia 28,50%,R$120,https://clubinhodeofertas.com.br/rio-de-janeiro/gabriel-e-shirley-3064,"Gabriel e Shirley Apresentam: Gashi: Fora do Play! que vai além do modelo tradicional de show infantil. Única apresentação 28 de Junho às 17h no Qualistage. ⚠️ As vendas encerram 1 hora antes do início de cada sessão do espetáculo. Gabriel e Shirley apresentam Gashi: Fora do Play!, um espetáculo ao vivo criado para toda a família, que une humor, música, desafios e interação direta com o público em uma experiência pensada especialmente para o palco. ⏰HORÁRIOS: 📆Dia 28/06 - 17h Classificação: Livre Sobre o espetáculo: Conhecidos por sua forte presença no YouTube, onde somam mais de 5 milhões de inscritos, Gabriel e Shirley conquistaram crianças, pais e responsáveis com um conteúdo leve, divertido e familiar. No teatro, essa conexão ganha uma nova dimensão, transformando a relação digital em um encontro presencial envolvente e participativo. O espetáculo apresenta uma história inédita, desenvolvida exclusivamente para o formato ao vivo. Ao longo da apresentação, o público deixa de ser apenas espectador e passa a participar ativamente, sendo convidado a cantar, responder desafios, interagir com os personagens e ajudar a definir os rumos da narrativa. Cada sessão se torna única, constr",📆Dia 28/06 - 17h,30,2,12,24000,https://clubinhodeofertas.com.br/rio-de-janeiro/gabriel-e-shirley-3064
Gato Galáctico,Show,Qualistage,Barra da Tijuca,Somente dia 30/08,50%,R$90,https://clubinhodeofertas.com.br/rio-de-janeiro/gato-galactico-3934,"Um show ao vivo que celebra o poder mágico dos sonhos e a capacidade que cada criança tem de imaginar, criar e transformar o próprio futuro. Única apresentação 30 de Agosto às 17h no Qualistage. ⚠️ As vendas encerram 1 hora antes do início de cada sessão do espetáculo. Neste quinto ano de turnê, o Gato Galactico apresenta sua produção mais encantadora: um espetáculo com música, dança e uma experiência imersiva que encanta crianças e famílias. ⏰HORÁRIOS: 📆Dia 30/08 - 17h Classificação: Livre Sobre o espetáculo: O Reino Mágico é o novo espetáculo do Gato Galactico — um show ao vivo que celebra o poder mágico dos sonhos e a capacidade única que cada criança tem de imaginar, criar e transformar o próprio futuro. No Reino Mágico, o público reencontra seus personagens favoritos: Roni, Luna, Mimi e o Gato Lunático — em uma história que revela como os sonhos constroem caminhos, resolvem conflitos e iluminam a jornada das crianças. O espetáculo também apresenta o universo que as crianças já amam: o mundo do Gato Galactico, que neste show navega por diferentes reinos, incluindo Patrulha Estelar, Prismágicos e muitos outros,trazendo para o palco todas as aventuras, cores e personagens que fa",📆Dia 30/08 - 17h,30,2,12,18000,https://clubinhodeofertas.com.br/rio-de-janeiro/gato-galactico-3934
Bailinho Encantado da Copa,Teatro Infantil,Teatro Miguel Falabella - Norte Shopping,Cachambi,"Dias 13, 14, 20, 21",50%,"R$39,90",https://clubinhodeofertas.com.br/rio-de-janeiro/bailinho-encantado-da-copa-3952,"O palco se transforma em um verdadeiro reino encantado em clima de Copa do Mundo Apresentações sábados e domingos às 15h no Teatro Miguel Falabella. ⚠️ As vendas encerram 1 hora antes do início de cada sessão do espetáculo. Prepare-se para viver momentos mágicos, cheios de alegria, música, personagens e MUITA diversão! 💛💚 ⏰HORÁRIOS: 📆Sábados e domingos - 15h Classificação: Livre Sobre o espetáculo: 🎶 Olê, olê, olê, olááá! Bailinho encantado vai começar! 🎶 Em apresentações especiais, o palco se transforma em um verdadeiro reino encantado em clima de Copa do Mundo, onde as incríveis guerreiras do K-pop! Rumi, Mira e Zoey chegam com muita atitude, dança e energia contagiante, encontrando-se com princesas que atravessam gerações: Ariel, Bela, Elsa, Rapunzel, Moana e Mirabel. ✨ Traga sua energia, sua torcida… e capriche no look! 👕✨ Vai rolar uma premiação especial para o visual mais criativo da Copa 👑⚽ Vai ter dança, vai ter gol e muita interação pra criançada se jogar nesse mundo encantado! 🌈 Garanta seu lugar e venha viver essa festa com a gente! 💫",13/06 às 15:00 | 14/06 às 15:00 | 20/06 às 15:00 | 21/06 às 15:00,60,2,12,8000,https://clubinhodeofertas.com.br/rio-de-janeiro/bailinho-encantado-da-copa-3952
K-Pop Guerreiras da Voz,Teatro Infantil,Teatro Bangu Shopping,Bangu,Somente dia 20,50%,R$40,https://clubinhodeofertas.com.br/rio-de-janeiro/k-pop-guerreiras-da-voz-3942,"Quando o palco vira campo de batalha e a música se transforma em poder! Única apresentação 20 de Junho às 15h no Teatro Bangu Shopping. ⚠️ As vendas encerram 1 hora antes do início de cada sessão do espetáculo. Um grupo lendário de idols protege o mundo das sombras usando voz, ritmo e coragem. ⏰HORÁRIOS: 📆Dia 20/06 - 15h Classificação: Livre Sobre o espetáculo: Quando o palco vira campo de batalha e a música se transforma em poder! Um grupo lendário de idols protege o mundo das sombras usando voz, ritmo e coragem. Mas a ascensão de um grupo, cinco garotos tão carismáticos quanto perigosos, cuja presença anuncia uma guerra onde fama e destino colidem. Entre coreografias e canções capazes de mudar o mundo, as Guerreiras da Voz precisam provar que sua maior força não está no brilho individual, mas na união que as torna invencíveis!",📆Dia 20/06 - 15h,60,2,12,8000,https://clubinhodeofertas.com.br/rio-de-janeiro/k-pop-guerreiras-da-voz-3942
K-Pop O Show,Teatro Infantil,Teatro Vannucci - Shopping da Gávea,Gávea,Somente dia 27,50%,"R$49,90",https://clubinhodeofertas.com.br/rio-de-janeiro/k-pop-o-show-3984,"Prepare-se para viver uma experiência inesquecível em um espetáculo repleto de dança, música e muita emoção! Única apresentação 27 de Junho às 15h no Teatro Vannucci. ⚠️ As vendas encerram 1 hora antes do início de cada sessão do espetáculo. K-POP O SHOW chega ao Teatro Miguel Falabella com um show eletrizante! ⏰ HORÁRIOS: 📆Dia 27/06 -15h Classificação: Livre Sobre o espetáculo: Prepare-se para viver uma experiência inesquecível em um espetáculo repleto de dança, música e muita emoção! K-POP O SHOW chega ao Teatro Miguel Falabella com um show eletrizante! Em meio a grandes desafios, coreografias impactantes e performances vibrantes, elas recebem a participação especial dos meninos cantores, trazendo ainda mais brilho ao palco em um show de tirar o fôlego. Com cenário envolvente, hits contagiantes e números surpreendentes, este é um espetáculo pensado para toda a família cantar, vibrar e se emocionar do início ao fim.",📆Dia 27/06 -15h,60,2,12,10000,https://clubinhodeofertas.com.br/rio-de-janeiro/k-pop-o-show-3984
Guerreiras do K-Pop O Show,Teatro Infantil,Teatro Fashion Mall,São Conrado,"Dias 27, 28",55%,"R$47,90",https://clubinhodeofertas.com.br/rio-de-janeiro/guerreiras-do-k-pop-o-show-3974,"Três estrelas que conquistaram palcos internacionais, escolhem o Brasil para um encontro especial com seus fãs. Únicas apresentações 27 e 28 de Junho às 15h no Teatro Fashion Mall. ⚠️ As vendas encerram 1 hora antes do início de cada sessão do espetáculo. O show celebra a força feminina, a amizade, os sonhos e a conexão única entre artistas e público, em uma experiência intensa e inesquecível.⏰HORÁRIOS: 📆Dias 27 e 28/06 - 16h Classificação: Livre Sobre o espetáculo: Inspirado no universo vibrante de Guerreiras do K-pop, o show música, dança, emoção e grandes performances para contar a trajetória de Rumi, Zoey e Mira, três estrelas que conquistaram palcos internacionais e escolhem o Brasil para um encontro especial com seus fãs durante uma pausa da turnê mundial. Entre coreografias marcantes, desafios, superação, romance e a misteriosa chegada de Jinu, um personagem que promete mudar tudo, o show celebra a força feminina, a amizade, os sonhos e a conexão única entre artistas e público, em uma experiência intensa e inesquecível.",27/06 às 15:00 | 28/06 às 15:00,60,2,12,5000,https://clubinhodeofertas.com.br/rio-de-janeiro/guerreiras-do-k-pop-o-show-3974
Relatos de Viagem - (Adulto),Teatro Adulto,Teatro Miguel Falabella - Norte Shopping,Cachambi,Somente dia 03,56%,R$35,https://clubinhodeofertas.com.br/rio-de-janeiro/relatos-de-viagem-adulto-3553,"Van Furlanetti narra de forma cômica o melhor de suas visitas a 47 países e 14 Estados brasileiros. Única apresentação 03 de Junho às 20h no Teatro Miguel Falabella. ⚠️ As vendas encerram 1 hora antes do início de cada sessão do espetáculo. ⏰HORÁRIOS: 📆03/06 - 20h 👶Idade pagante: Crianças a partir de 5 anos pagam ingressos Classificação: 14 anos Sobre o espetáculo: Quem curte viajar sabe bem que perrengues são inevitáveis. Pratos exóticos, lugares inusitados, situações dos mais diversos tipos, compõem a dramaturgia ora ensaiada, ora improvisada de RELATOS DE VIAGEM. Com direção de Tininha Araújo e figurino de Hermes Inocencio, Van Furlanetti narra de forma cômica o melhor de suas visitas a 47 países e 14 Estados brasileiros em um mix de stand-up comedy e esquetes teatrais. O espetáculo muda a cada sessão, tendo 729 formas de ser encenado. O segredo para ser possível a façanha está na dinâmica escolhida para a realização desta comédia turística imperdível.",📆03/06 - 20h 👶Idade pagante: Crianças a partir de 5 anos pagam ingressos,60,2,12,8000,https://clubinhodeofertas.com.br/rio-de-janeiro/relatos-de-viagem-adulto-3553
Hamlet,Teatro Adulto,Cia de Teatro Contemporâneo - Tijuca,Tijuca,Somente dia 06,50%,R$45,https://clubinhodeofertas.com.br/rio-de-janeiro/hamlet-3988,"Uma tragédia com pitadas de humor, que reflete sobre a condição humana. Apresentações sábados às 20h na Cia de Teatro Contemporâneo - Tijuca. ⚠️ As vendas encerram 1 hora antes do início de cada sessão do espetáculo. “Hamlet” a partir do qual se pretende contar a tão famosa história como se fosse pela primeira vez. ⏰ HORÁRIOS: 📆Sábados - 20h Classificação: Livre Sobre o espetáculo: Em algum Reino indefinido à beira-mar, morre subitamente o Rei. Dois meses passados, a rainha viúva já está casado com seu antigo cunhado, Claudio, para espanto do povo e revolta do principe Hamlet, ainda em luto pelo pai. Mas o espírito inquieto do Rei falecido ronda o palácio durante as madrugadas até conseguir se comunicar com o filho e revelar as circunstâncias do seu assassinato. Hamlet, intimada a fazer justiça e a endireitar seu Reino caído na corrupção de valores, renuncia ao amor, reflete e, consequentemente, hesita, procura provas através da loucura e do teatro. Uma tragédia com pitadas de humor, que reflete sobre a condição humana.",📆Sábados - 20h,60,2,12,9000,https://clubinhodeofertas.com.br/rio-de-janeiro/hamlet-3988
Pacote Beto Carrero Férias Julho,Viagens,Aeroporto Internacional do Rio de Janeiro - Galeão,Ilha do Governador,Somente dia 22/07,32%,R$4.725,https://clubinhodeofertas.com.br/rio-de-janeiro/pacote-beto-carrero-2924,"Programe já as férias de verão da sua família no Beto Carrero World! Oportunidade com pacote completo nas férias de Julho de 2026, incluindo aéreo, hospedagem em Penha e Balneário Camboriú, transfers e ingressos para o Beto Carrero! A partir de 6 x de R$ 800,83 por pessoa (sem juros ) ! Garanta sua viagem parcelando em até 6 vezes sem juros ou em 12 vezes com juros direto no site. Venha conhecer o Beto Carrero, maior e mais completo mundo de diversão da América Latina . E ainda dê uma esticadinha em Balneário Camboriú, uma cidade cheia de atrações para a família. Aproveite as férias com tranquilidade e muita diversão com hospedagem, passagens aéreas, transfers, ingressos para o Beto Carrero , seguro e assistência da Pipp a Tour, agência de viagens para família, parceira aqui do Clubinho de Ofertas! É só embarcar e se divertir! Pacote Julho 2026 📅 De 22 a 26/07/26 Incluso no Pacote: ✈️ Aéreo GOL com ida 22/07 e retorno 26/07 - Rio/Navegantes/Rio; 🛏️ 03 noites de hospedagem em Penha no Hotel Vila Olaria com café da manhã; 🛏️ 01 noite de hospedagem em Balneário Camboriú, no Atobá Praia Hotel com café da manhã; 🎟️ Ingresso para o Parque Beto Carrero – 2 dias; 🚗Transfer de chegada ",de saída - chegada: GOL 22/07 - 14h00 RIO X 15h35 NVT GOL 26/07 - 19h15 NVT X 20h40 RIO 🚗TRANSFER Aeroporto de Navegantes X Hotel em Penha X Balneário Camboriú X Aeroporto de Navegantes - podendo ser,,,,699500,https://clubinhodeofertas.com.br/rio-de-janeiro/pacote-beto-carrero-2924
Abraça,Teatro Infantil,Teatro Municipal Ruth de Souza,Santa Teresa,"Dias 06, 07, 13, 14",50%,"R$14,90",https://clubinhodeofertas.com.br/rio-de-janeiro/abraca-4010,"Um menino curioso numa cabana em meio à natureza. Apresentações sábados e domingos às 11h no Teatro Municipal Ruth de Souza. ⚠️ As vendas encerram 1 hora antes do início de cada sessão do espetáculo. Um menino passa o dia em uma cabana em meio à natureza. Com carinho e curiosidade, ele apresenta pequenos insetos e seres às crianças: borboletas, bichinhos, texturas e objetos encantados. ⏰HORÁRIOS: 📆Sábados e domingos -11h Classificação: Livre Sobre o espetáculo: Um menino passa o dia em uma cabana em meio à natureza. Com carinho e curiosidade, ele apresenta pequenos insetos e seres às crianças: borboletas, bichinhos, texturas e objetos encantados. De repente, um ruído vindo da mata desperta o medo: seria uma cobra? Assustado, ele se esconde — mas a curiosidade é mais forte que o temor. O menino decide se aproximar e, pouco a pouco, descobre que aquilo que parecia assustador pode ser terno, divertido e cheio de possibilidades. A amizade incomum que nasce entre ambos os leva a explorar o mundo juntos, descobrindo sons, texturas, ritmos e afetos que fazem parte da infância e da vida.",06/06 às 11:00 | 07/06 às 11:00 | 13/06 às 11:00 | 14/06 às 11:00,60,2,12,3000,https://clubinhodeofertas.com.br/rio-de-janeiro/abraca-4010
A Turma do Sítio - O Musical,Teatro Infantil,Teatro Vannucci - Shopping da Gávea,Gávea,"Dias 06, 13, 20",50%,"R$49,90",https://clubinhodeofertas.com.br/rio-de-janeiro/a-turma-do-sitio-o-musical-3219,"As férias chegaram e a criançada partiu rumo ao lugar mais mágico do mundo: o Sítio da Dona Benta!. Apresentações aos sábados às 16h no Teatro Vannucci. ⚠️ As vendas encerram 1 hora antes do início de cada sessão do espetáculo. ✨Uma aventura musical encantadora para toda a família! ✨ ⏰ HORÁRIOS: 📆Sábados -16h Classificação: Livre Sobre o espetáculo: Prepare-se para uma aventura inesquecível onde a imaginação ganha vida. As férias chegaram e a turma parte para o Sítio da Dona Benta em um dia muito especial: o aniversário da vovó mais querida do Brasil. 🎂 Para criar a festa perfeita, Emília, Visconde e os primos saem em busca dos morangos mágicos na floresta. 🍓✨ Mas a divertida Cuca promete transformar tudo em uma jornada cheia de surpresas, risadas e desafios. 🐊💫 🎶 Com músicas originais que ficam no coração, A Turma do Sítio O Musical é uma experiência encantadora que reúne toda a família. Garanta seu lugar e venha viver essa magia! 🎟️✨",06/06 às 16:00 | 13/06 às 16:00 | 20/06 às 16:00,60,2,12,10000,https://clubinhodeofertas.com.br/rio-de-janeiro/a-turma-do-sitio-o-musical-3219
Thurminha da Patrulhinha,Teatro Infantil,Teatro Vannucci - Shopping da Gávea,Gávea,"Dias 07, 14",50%,"R$49,90",https://clubinhodeofertas.com.br/rio-de-janeiro/thurminha-da-patrulhinha-3926,"A turminha de filhotes vai iniciar uma nova aventura. Apresentações aos domingos 7 e 14 de Junho às 14h no Teatro Vannucci. ⚠️ As vendas encerram 1 hora antes do início de cada sessão do espetáculo. Foi declarado dia de brincar na cidade Baía, e eles querem se divertir ainda mais! ⏰HORÁRIOS: 📆14/06 - 14h Classificação: Livre Sobre o espetáculo: A turma vai iniciar essa nova aventura! Independentemente dos desafios que surgirem, a equipe está pronta para ajudar, e esses corajosos filhotes não têm medo de nada. Foi declarado dia de brincar na cidade Baía, e eles querem se divertir ainda mais! A magia acontece, os filhotes mais adoráveis inventam diversas brincadeiras e se divertem muito, celebrando juntos. A coragem, a amizade e, acima de tudo, o amor estarão em destaque neste emocionante espetáculo, cheio de cores, alegria, diversão e festividade. Todos estão convidados para se juntar às novas brincadeiras . Será uma tarde repleta de música e diversão com os filhotes mais queridos e fofinhos. Vamos criar novas brincadeiras ?",07/06 às 14:00 | 14/06 às 14:00,60,2,12,10000,https://clubinhodeofertas.com.br/rio-de-janeiro/thurminha-da-patrulhinha-3926
Moana e o Segredo da Concha Mágica,Teatro Infantil,Teatro dos Quatro - Shopping da Gávea,Gávea,Somente dia 13,30%,"R$54,90",https://clubinhodeofertas.com.br/rio-de-janeiro/moana-e-o-segredo-da-concha-magica-3883,"Moana encontra uma antiga concha encantada que guarda um poderoso segredo do oceano. Única apresentação 13 de Junho às 16h no Teatro dos Quatro. ⚠️ As vendas encerram 1 hora antes do início de cada sessão do espetáculo. Prepare-se para uma aventura cheia de coragem, descobertas e magia do oceano! ⏰HORÁRIOS: 📆Dia 13/06 - 16h Classificação: Livre Sobre o espetáculo: Em Moana e o Segredo da Concha Mágica, a corajosa navegadora Moana encontra uma antiga concha encantada que guarda um poderoso segredo do oceano. Diz a lenda que essa concha possui uma magia especial capaz de proteger o mar, as ilhas e todos os seres da natureza. Mas algo estranho começa a acontecer: as ondas estão agitadas, o vento mudou de direção e a magia da concha parece estar desaparecendo. Determinada a salvar o equilíbrio do oceano, Moana parte em uma nova jornada cheia de desafios e descobertas. Durante a aventura, ela vai precisar da ajuda das crianças da plateia, que se tornam verdadeiros exploradores do mar, ajudando a encontrar pistas, cantar, dançar e despertar novamente a magia da concha. Entre momentos divertidos, músicas animadas e paisagens tropicais encantadoras, Moana aprende que a verdadeira força es",📆Dia 13/06 - 16h,60,2,6,5500,https://clubinhodeofertas.com.br/rio-de-janeiro/moana-e-o-segredo-da-concha-magica-3883
A Copa Mágica do Mickey e da Minnie,Teatro Infantil,Teatro Brigitte Blair,Copacabana,"Dias 13, 14",55%,"R$49,90",https://clubinhodeofertas.com.br/rio-de-janeiro/a-copa-magica-do-mickey-e-da-minnie-3966,"Mickey e Minnie recebem a missão de organizar a Copa Mágica. Únicas apresentações 13 e 14 de Junho às 16h no Teatro Brigitte Blair. Com a ajuda dos amigos (Pateta, Donald ou personagens originais), Mickey e Minnie mostram que o verdadeiro campeão é quem joga com o coração ⏰ HORÁRIOS: 📆Dias 13 e 14/06 - 16h Classificação: Livre Sobre o espetáculo: No Reino da Fantasia, o Mickey Mouse e a Minnie Mouse recebem uma missão especial: organizar a Copa Mágica, um torneio onde não vence quem faz mais gols… mas quem joga com amizade, respeito e alegria! Tudo parece perfeito até que um personagem atrapalhado (vilão cômico ou trapalhão) tenta ganhar a copa usando truques desonestos. Com a ajuda dos amigos (Pateta, Donald ou personagens originais), Mickey e Minnie mostram que o verdadeiro campeão é quem joga com o coração",13/06 às 16:00 | 14/06 às 16:00,60,2,12,10000,https://clubinhodeofertas.com.br/rio-de-janeiro/a-copa-magica-do-mickey-e-da-minnie-3966
Vareta,Zona Sul,Ecovilla Ri Happy,Jardim Botânico,"Dias 13, 14",30%,R$35,https://clubinhodeofertas.com.br/rio-de-janeiro/vareta-2561,"Um show cheio de proezas físicas e trapalhadas! Únicas apresentações 13 e 14 de Junho às 16h na Ecovilla Ri Happy. ⚠️ As vendas encerram 1 hora antes do início de cada sessão do espetáculo. Vareta é a mais nova criação do artista multilinguagem Ricardo Gadelha, que intercala palhaçaria e acrobacias feitas em um tripé de bambu gigante. ⏰ HORÁRIOS: 📆 13 e 14/06 - 16h Classificação: Livre Sobre o evento: Vareta é a mais nova criação do artista multilinguagem Ricardo Gadelha, que intercala palhaçaria e acrobacias feitas em um tripé de bambu gigante. Indicado para todas as idades e públicos, o espetáculo é fruto da parceria com Poema Mühlenberg (DF) e foi contemplado com o Edital SESC Pulsar 2023 (RJ). Neste show de virtuose acrobática e comicidade visual, o palhaço VARETA (Ricardo Gadelha) surge em cena ao som de ritmos latino-americanos como a cumbia, o reggae e o baião, e descobre um tripé de imensas varas de bambu no palco. Tendo uma borboleta como guia e se comunicando apenas por um dialeto inventado (gromelô) VARETA manipula de diferentes maneiras o instrumento até explorar as possibilidades acrobáticas da Arte Corpo Bambu.",13/06 às 16:00 | 14/06 às 16:00,60,2,12,3500,https://clubinhodeofertas.com.br/rio-de-janeiro/vareta-2561
"Mickey, Donald e Pateta – Amigos para Sempre",Teatro Infantil,Teatro dos Quatro - Shopping da Gávea,Gávea,Somente dia 14,30%,"R$54,90",https://clubinhodeofertas.com.br/rio-de-janeiro/mickey-donald-e-pateta-amigos-para-sempre-3936,"Mickey, Donald e Pateta embarcam em uma divertida aventura cheia de risadas, confusões e muita amizade! Única apresentação 14 de Junho às 15h no Teatro dos Quatro. ⚠️ As vendas encerram 1 hora antes do início de cada sessão do espetáculo. Um show alegre e encantador que vai fazer as crianças se divertirem do começo ao fim! ⏰HORÁRIOS: 📆Dia 14/06 - 15h Classificação: Livre Sobre o espetáculo: Mickey, Donald e Pateta embarcam em uma divertida aventura cheia de risadas, confusões e muita amizade! Juntos, eles descobrem que, com união e carinho, tudo fica mais fácil e especial. Um show alegre e encantador que vai fazer as crianças se divertirem do começo ao fim! Uma montagem para a família se divertir.",📆Dia 14/06 - 15h,60,2,12,5500,https://clubinhodeofertas.com.br/rio-de-janeiro/mickey-donald-e-pateta-amigos-para-sempre-3936
Arraiá da Emília,Teatro Infantil,Teatro Clara Nunes - Shopping da Gávea,Gávea,Somente dia 14,50%,R$54,https://clubinhodeofertas.com.br/rio-de-janeiro/arraia-da-emilia-3997,"Emília prepara o grande arraial no sítio e Cuca se disfarça para entrar na festa sem ser reconhecida. Única apresentação 14 de Junho às 16h no Teatro Clara Nunes. ⚠️ As vendas encerram 1 hora antes do início de cada sessão do espetáculo. Muita diversão nesta comédia musical com os personagens do sítio do pica pau. ⏰ HORÁRIOS: 📆Dia 14/06 - 16h Classificação: Livre Sobre o espetáculo: Emília prepara o grande arraial no sítio e Cuca se disfarça para entrar na festa sem ser reconhecida. Ela vai tentar usar da ingenuidade do Rabicó para colocar seu plano em ação. Emília e sua turma irão transformar o palco em um verdadeiro arraial, com interação com as crianças, muita música e comédia com personagens para lá de irreverentes.",📆Dia 14/06 - 16h,60,2,12,11000,https://clubinhodeofertas.com.br/rio-de-janeiro/arraia-da-emilia-3997
A Assembleia das Bruxas,Teatro Infantil,Teatro Dercy Gonçalves - Grajaú Country Club,Grajaú,"Dias 14, 20, 21, 27",51%,"R$28,90",https://clubinhodeofertas.com.br/rio-de-janeiro/a-assembleia-das-bruxas-3983,"Duas irmãs irão enfrentar os bruxos em uma divertidia aventura. Apresentações aos sábados e domingos às 16h no Teatro Dercy Gonçalves. ⚠️ As vendas encerram 1 hora antes do início de cada sessão do espetáculo. Em uma floresta, a Bruxa Rainha reúne todos os bruxos com um único objetivo: transformar todas as crianças em pequenos ratos. ⏰ HORÁRIOS: 📆Sábados e domingos -16h Classificação: Livre 👶Idade Pagante: Criança de todas as idades pagam ingressos. Sobre o espetáculo: Em uma floresta, a Bruxa Rainha reúne todos os bruxos com um único objetivo: transformar todas as crianças em pequenos ratos. No entanto, encontram um obstáculo: duas meninas, que escutam o plano diabólico da malvada. Uma delas acaba sendo capturada pelos bruxos e sua irmã sai em busca da única fada que reside na floresta. Juntas, elas irão enfrentar os bruxos em uma divertida aventura.",14/06 às 16:00 | 20/06 às 16:00 | 21/06 às 16:00 | 27/06 às 16:00,1,2,12,6000,https://clubinhodeofertas.com.br/rio-de-janeiro/a-assembleia-das-bruxas-3983
O Torneio Mágico – Baseado no Universo Potter,Teatro Infantil,Teatro Miguel Falabella - Norte Shopping,Cachambi,"Dias 20, 21",50%,R$40,https://clubinhodeofertas.com.br/rio-de-janeiro/o-torneio-magico-baseado-no-universo-potter-3986,"Em Hogwarts, alunos de diferentes casas são convocados para participar do lendário Torneio Mágico. Únicas apresentações 20 e 21 de Junho às 17h no Teatro Miguel Falabella. ⚠️ As vendas encerram 1 hora antes do início de cada sessão do espetáculo. Uma nova aventura chega ao palco em um espetáculo repleto de magia, humor, emoção e grandes desafios! ⏰ HORÁRIOS: 📆Dias 20 e 21/06 -17h Classificação: Livre Sobre o espetáculo: Em Hogwarts, alunos de diferentes casas são convocados para participar do lendário Torneio Mágico, uma competição que colocará à prova coragem, inteligência, amizade e o poder das escolhas. Eles terão de enfrentar provas surpreendentes e descobrirão que vencer nem sempre significa conquistar um troféu. Enquanto as rivalidades surgem, segredos vêm à tona e uma antiga ameaça retorna para colocar todos em perigo. Entre feitiços, aventuras e lições emocionantes, O Torneio Mágico mostra que a verdadeira magia está na amizade, no amor e na coragem de viver o presente. Um espetáculo encantador para toda a família, que promete divertir crianças e emocionar fãs de todas as idades!",20/06 às 17:00 | 21/06 às 17:00,60,2,12,8000,https://clubinhodeofertas.com.br/rio-de-janeiro/o-torneio-magico-baseado-no-universo-potter-3986
As Aventuras de Emília,Teatro Infantil,Teatro Miguel Falabella - Norte Shopping,Cachambi,"Dias 27, 28",50%,R$40,https://clubinhodeofertas.com.br/rio-de-janeiro/as-aventuras-de-emilia-1839,"Emília e Visconde de Sabugosa entram numa aventura para salvar o mundo das fábulas. Únicas apresentações 27 e 28 de Junho às 15h no Teatro Miguel Falabella. Prepare-se para viver uma experiência cheia de magia, humor e muita emoção para toda a família! ⚠️ As vendas encerram 1 hora antes do início de cada sessão do espetáculo. ⏰ HORÁRIOS: 📆Dias 27 e 28/06 -15h Classificação: Livre Sobre o espetáculo: Emília, a travessa boneca de pano, ao lado do sábio Visconde de Sabugosa, percebe que algo muito estranho está acontecendo no Mundo das Fábulas: a fórmula original do pó mágico de pirlimpimpim desapareceu, junto com a última porção guardada. Sabendo que, em mãos erradas, toda a fantasia corre grande perigo, a dupla embarca em uma divertida e emocionante aventura para recuperar o que foi roubado e salvar o encanto das histórias que marcaram gerações. Por trás de toda essa confusão estão a temida Cuca e seu ajudante Saci, que pretendem acabar de vez com a magia das fábulas e do inesquecível Sítio do Picapau Amarelo. Um espetáculo encantador, repleto de aventuras, músicas, risadas e surpresas, que promete emocionar crianças e adultos do começo ao fim!",27/06 às 15:00 | 28/06 às 15:00,60,2,12,8000,https://clubinhodeofertas.com.br/rio-de-janeiro/as-aventuras-de-emilia-1839
Princesas e Heróis,Teatro Infantil,Teatro Bangu Shopping,Bangu,Somente dia 13,50%,R$40,https://clubinhodeofertas.com.br/rio-de-janeiro/princesas-e-herois-3272,"O vilão Charada descobriu um jeito de acabar com a magia das histórias infantis. Única apresentação 13 de Junho às 15h no Teatro Bangu Shopping. ⚠️ As vendas encerram 1 hora antes do início de cada sessão do espetáculo. As Princesas e os Heróis mostram que juntos podem ser imbatíveis. ⏰HORÁRIOS: 📆13/06 - 15h Classificação: Livre Sobre o espetáculo: Charada, o grande vilão dos quadrinhos do Batman, descobriu um jeito de acabar com a magia das histórias infantis, acabando com os finais felizes. E a princesa Branca de Neve vai surgir nessa história para, junto com o público, decifrar as charadas antes dele atacar e dar uma lição nesse vilão. Com muita música, as Princesas e os Heróis vão mostrando que juntos podem ser imbatíveis. Principalmente quando contam com um grande aliado: você!",13/06 às 15:00,60,2,12,8000,https://clubinhodeofertas.com.br/rio-de-janeiro/princesas-e-herois-3272
"Moana, Um Mar de Aventuras",Teatro Infantil,Teatro dos Grandes Atores - Shopping Barra Square,Barra da Tijuca,"Dias 13, 14, 20, 21",27%,"R$44,90",https://clubinhodeofertas.com.br/rio-de-janeiro/moana-um-mar-de-aventuras-3563,"Moana mostra que acreditar em si mesmo é a maior força que existe. Apresentações aos sábados e domingos às 17h no Teatro dos Grandes Atores. ⚠️ As vendas encerram 1 hora antes do início de cada sessão do espetáculo. Inspirado na adorada animação, o espetáculo leva o público a uma jornada repleta de coragem, amizade e descobertas ⏰HORÁRIOS: 📆Sábados e domingos - 17h Classificação: Livre Sobre o espetáculo: Inspirado na adorada animação, o espetáculo leva o público a uma jornada repleta de coragem, amizade e descobertas. Acompanhamos a jovem Moana, determinada a atravessar o oceano em busca de salvar sua ilha e descobrir sua verdadeira identidade. Ao lado de Maui e de outros personagens marcantes, a heroína mostra que acreditar em si mesmo é a maior força que existe. Com direção de Marcelo Lavinas, coreografias de Thiago Farias e cenários assinados por Kelly Régis, a montagem combina música, dança e cenografia envolvente para transportar crianças e adultos a um universo mágico, colorido e emocionante. “Moana, um mar de aventuras” é um convite para toda a família embarcar em uma viagem inesquecível, onde a coragem e a esperança conduzem cada passo.",13/06 às 17:00 | 14/06 às 17:00 | 20/06 às 17:00 | 21/06 às 17:00,60,2,12,4500,https://clubinhodeofertas.com.br/rio-de-janeiro/moana-um-mar-de-aventuras-3563
Lilo e Stitch,Teatro Infantil,Teatro Antônio Fagundes,Barra da Tijuca,Somente dia 14,55%,"R$44,99",https://clubinhodeofertas.com.br/rio-de-janeiro/lilo-e-stitch-3999,"Numa pacata ilha de Havaí duas irmãs encontram dois seres diferentes que vieram do espaço sideral. Única apresentação 14 de Junho às 15h30 no Teatro Antonio Fagundes. ⚠️ As vendas encerram 1 hora antes do início de cada sessão do espetáculo. Um espetáculo musical interativo onde todos se divertem! ⏰HORÁRIOS: 📆Dia 14/06 - 15h30 Classificação: Livre Sobre o espetáculo: Numa pacata ilha de Havaí onde todos viviam tranquilamente, duas irmãs encontram dois seres diferentes, parecidos com cachorros que vieram do espaço sideral. O carinho desse grupo os transformam em uma família, mas esse amor corre perigo quando um cientista maluco e um detetive começam a procurá-los em todo lugar para voltarem para os laboratórios da nave espacial. Vem com a gente ajudar essa linda família intergaláctica a continuar juntas, e mostrar que os amigos estão sempre por perto, em todos os momentos. Um espetáculo musical interativo onde todos se divertem! Um Figurino belíssimo e super colorido, com personagens vivos e muita música.",📆Dia 14/06 - 15h30,60,2,12,9000,https://clubinhodeofertas.com.br/rio-de-janeiro/lilo-e-stitch-3999
"Sonic, O Show",Teatro Infantil,Teatro Antônio Fagundes,Barra da Tijuca,Somente dia 14,55%,"R$44,99",https://clubinhodeofertas.com.br/rio-de-janeiro/sonic-o-show-2686,"Sonic precisa da ajuda de seus amigos para derrotar o Doutor Eggman. Única apresentação 14 de Junho às 17h30 no Teatro Antonio Fagundes. ⚠️ As vendas encerram 1 hora antes do início de cada sessão do espetáculo. ⏰HORÁRIOS: 📆Dia 14/06 - 17h30 Classificação: Livre Sobre o espetáculo: Uma adaptação livre para o teatro, composta por Sonic, o ouriço azul mais famoso do mundo, que se junta com os seus amigos para derrotar o terrível Doutor Eggman, um cientista louco que planeja dominar o mundo. Para detê-lo, Sonic se une a seu antigo parceiro Tails e parte em uma jornada para salvar o mundo nessa aventura cheia de diversão. A apresentação explora diversas cenas de ação e conta com a inserção de canções infantis coreografadas, além de efeitos especiais.",📆Dia 14/06 - 17h30,60,2,12,9000,https://clubinhodeofertas.com.br/rio-de-janeiro/sonic-o-show-2686
Bolofofos,Teatro Infantil,Teatro Bangu Shopping,Bangu,Somente dia 27,50%,R$40,https://clubinhodeofertas.com.br/rio-de-janeiro/bolofofos-3466,"Os Bolofofos anunciam novo show repleto de hits e diversão, pronto para conquistar todos os públicos. Única apresentação 27 de Junho às 15h no Teatro Bangu Shopping. ⚠️ As vendas encerram 1 hora antes do início de cada sessão do espetáculo. Preparem-se para a festa! O grupo, que já soma mais de 15 bilhões de visualizações e encanta milhões de fãs, retorna aos palcos com um espetáculo inédito. ⏰HORÁRIOS: 📆27/06 - 15h Classificação: Livre Sobre o espetáculo: Os Bolofofos anunciam novo show repleto de hits e diversão, pronto para conquistar todos os públicos. Preparem-se para a festa! O grupo, que já soma mais de 15 bilhões de visualizações e encanta milhões de fãs, retorna aos palcos com um espetáculo inédito. O show promete uma experiência cheia de energia, ritmos contagiantes e muita diversão. Nessa nova edição, intitulada de ""Bolofofos; A turnê 2025, o repertório ganha novos hits nunca apresentados antes como: ""Na feira"" e ""Doguito"", além dos clássicos que já são favoritos do público. Tudo foi pensado para criar um espetáculo vibrante onde a família inteira vai cantar e dançar do início ao fim! Com uma atmosfera feliz e cativante, esta apresentação é o evento perfeito para quem b",27/06 às 15:00,60,2,12,8000,https://clubinhodeofertas.com.br/rio-de-janeiro/bolofofos-3466
Chapeuzinho Vermelho e a Floresta Encantada,Teatro Infantil,Teatro dos Grandes Atores - Shopping Barra Square,Barra da Tijuca,"Dias 13, 14, 27, 28, 04/07",27%,"R$44,90",https://clubinhodeofertas.com.br/rio-de-janeiro/chapeuzinho-vermelho-e-a-floresta-encantada-3314,"Uma aventura mágica e cheia de risadas com a estreia de ""Chapeuzinho Vermelho e a Floresta Encantada""! Apresentações sábados e domingos no Teatro dos Grandes Atores. ⚠️ As vendas encerram 1 hora antes do início de cada sessão do espetáculo. Uma experiência teatral imperdível para crianças e adultos, que celebra a imaginação e a alegria de contar histórias. ⏰ HORÁRIOS: 📆Sábados e domingos - 16h e 17h Classificação: Livre Sobre o espetáculo: Prepare-se para uma aventura mágica e cheia de risadas com a estreia de ""Chapeuzinho Vermelho e a Floresta Encantada""! Este espetáculo reimagina o clássico conto de fadas com um toque de humor e surpresas que vão encantar toda a família. A história começa com a atenta Dona Chapéu, mãe de Chapeuzinho, que acorda com um forte pressentimento. Preocupada, ela pede à sua filha, a adorável Chapeuzinho Vermelho, para visitar a vovó, reforçando a importância de não conversar com estranhos e de seguir o caminho seguro pelo bosque. No entanto, o destino reserva um desvio inesperado. Chapeuzinho encontra o Lobo Juan, que a convence a mudar o trajeto. É aí que a verdadeira magia começa, quando a pequena protagonista se aventura pela Floresta Encantada, um l",13/06 às 16:00 | 14/06 às 16:00 | 27/06 às 17:00 | 28/06 às 17:00 | 04/07 às 17:00 | 05/07 às 17:00,60,2,12,4500,https://clubinhodeofertas.com.br/rio-de-janeiro/chapeuzinho-vermelho-e-a-floresta-encantada-3314
K-Pop O Show,Teatro Infantil,Teatro Miguel Falabella - Norte Shopping,Cachambi,"Dias 06, 07",50%,R$40,https://clubinhodeofertas.com.br/rio-de-janeiro/k-pop-o-show-3972,"Prepare-se para viver uma experiência inesquecível em um espetáculo repleto de dança, música e muita emoção! Únicas apresentações 06 e 07 de Junho às 17h no Teatro Miguel Falabella. ⚠️ As vendas encerram 1 hora antes do início de cada sessão do espetáculo. K-POP O SHOW chega ao Teatro Miguel Falabella com um show eletrizante! ⏰ HORÁRIOS: 📆Dias 06 e 07/06 -17h Classificação: Livre Sobre o espetáculo: Prepare-se para viver uma experiência inesquecível em um espetáculo repleto de dança, música e muita emoção! K-POP O SHOW chega ao Teatro Miguel Falabella com um show eletrizante! Em meio a grandes desafios, coreografias impactantes e performances vibrantes, elas recebem a participação especial dos meninos cantores, trazendo ainda mais brilho ao palco em um show de tirar o fôlego. Com cenário envolvente, hits contagiantes e números surpreendentes, este é um espetáculo pensado para toda a família cantar, vibrar e se emocionar do início ao fim.",06/06 às 17:00 | 07/06 às 17:00,60,2,12,8000,https://clubinhodeofertas.com.br/rio-de-janeiro/k-pop-o-show-3972
